workflow_id,workflow_length,number_of_agents,workflow_depth,execution_time,cost,retry_count,success,parallel_enabled,mutation_type_encoded,fitness
Application_1000691650,37,6,13,3701239.4,50000,4,0.5,0,0,41.51
Application_1002485344,80,17,18,8240356.867,16000,22,0.5,0,0,39.79
Application_1004293292,30,8,16,927973.909,14000,5,0.0,0,0,26.61
Application_1004303396,97,10,18,2160753.225,15000,23,0.6363636363636364,0,0,49.41
Application_1004943461,24,3,14,784277.675,9000,3,0.33333333333333337,0,0,44.86
Application_1011124726,24,4,14,349512.407,0,3,0.33333333333333337,0,0,48.04
Application_1012714056,88,13,20,1529513.407,25700,19,0.5555555555555556,0,0,46.37
Application_1012727008,50,10,18,860557.464,8000,10,0.0,0,0,27.32
Application_1014301064,28,5,14,1276274.533,0,5,0.33333333333333337,0,0,40.09
Application_1014760259,40,5,16,1547578.823,5300,7,0.6,0,0,49.75
Application_1014824736,40,5,16,186528.82,10000,7,0.6,0,0,55.82
Application_1015245209,40,8,16,1056080.407,17100,8,0.19999999999999996,0,0,33.97
Application_1015357327,32,8,16,1169538.11,8000,6,0.0,0,0,26.39
Application_1015478096,20,4,11,2756162.267,12500,3,0.5,0,0,47.41
Application_1016632627,65,9,16,1219439.841,50000,16,0.5,0,0,42.9
Application_1016816804,46,6,16,1539488.993,5000,10,0.6,0,0,49.79
Application_1017492916,22,4,13,2720503.805,15000,3,0.0,0,0,27.25
Application_1018615109,38,7,19,1763882.852,17000,5,0.25,0,0,34.41
Application_1020990376,38,7,18,643689.448,5000,6,0.5,0,0,48.45
Application_1021758905,40,9,18,775435.552,20000,7,0.0,0,0,26.68
Application_102284220,30,5,16,939381.382,12000,3,0.33333333333333337,0,0,44.07
Application_1027094271,91,14,18,4372913.505,20000,25,0.33333333333333337,0,0,34.74
Application_1028275195,37,8,16,3090766.935,11300,6,0.33333333333333337,0,0,36.49
Application_1029819018,30,4,11,3604366.88,0,2,0.5,0,0,49.59
Application_1029986710,40,8,16,1107714.814,7000,9,0.5,0,0,46.63
Application_1033672339,30,6,16,920311.538,18000,4,0.5,0,0,48.32
Application_1035080902,18,3,11,2644686.105,10000,2,0.5,0,0,49.74
Application_1038917262,24,6,13,1534425.21,18000,4,0.0,0,0,26.76
Application_1041929908,49,8,17,2401151.849,30000,8,0.75,0,0,52.43
Application_1042310075,67,14,18,2120636.028,20000,16,0.375,0,0,38.61
Application_1044260282,23,4,11,2492988.171,6500,5,0.0,0,0,24.2
Application_1044610848,31,7,14,1480250.314,50000,6,0.6666666666666667,0,0,48.97
Application_104463316,22,3,11,3872311.933,8000,2,0.5,0,0,48.73
Application_1044911465,30,5,13,4814481.442,19500,4,0.6666666666666667,0,0,49.82
Application_1048791267,28,5,13,3057853.379,25000,4,0.0,0,0,24.09
Application_1049151850,88,16,16,3188933.465,14000,24,0.5555555555555556,0,0,45.07
Application_1049543561,21,3,13,2647285.483,7500,2,0.5,0,0,49.93
Application_1052983039,36,8,18,1377885.565,5000,6,0.25,0,0,36.13
Application_1054650915,58,13,18,3719833.537,10000,12,0.2857142857142857,0,0,34.13
Application_105711594,64,12,19,3585115.467,5000,9,0.0,0,0,23.21
Application_1058390155,39,9,19,3596866.432,10000,6,0.0,0,0,22.8
Application_1058763045,29,5,14,689220.685,50000,6,0.0,0,0,24.64
Application_1059131551,27,4,14,598985.578,5000,4,0.6666666666666667,0,0,57.33
Application_1059184025,41,6,17,536143.275,6600,5,0.19999999999999996,0,0,36.88
Application_1060570579,22,4,11,2645854.448,0,4,0.5,0,0,46.54
Application_1061354216,18,3,11,353377.928,6000,2,0.5,0,0,56.2
Application_1068218912,29,6,13,4817355.119,7500,4,0.5,0,0,44.11
Application_1068664646,27,6,13,2822416.849,15000,5,0.33333333333333337,0,0,36.47
Application_1069329258,23,4,14,280202.974,12500,3,0.0,0,0,34.38
Application_10693354,51,9,17,3634197.21,0,8,0.2857142857142857,0,0,35.0
Application_106973225,22,4,13,2749320.994,30000,3,0.0,0,0,26.02
Application_1072003198,48,9,18,1003370.489,25000,9,0.5,0,0,45.49
Application_107632320,45,10,19,3449764.048,10000,8,0.5,0,0,42.93
Application_107664347,24,4,13,2734823.567,15000,3,0.6666666666666667,0,0,53.9
Application_1077268062,35,7,14,1208916.958,30000,8,0.6666666666666667,0,0,51.19
Application_1077411737,40,7,18,1143431.353,10000,7,0.0,0,0,26.29
Application_1082798467,26,4,13,4183041.259,13000,3,0.0,0,0,26.1
Application_1084718608,66,13,19,3585526.189,8000,10,0.5714285714285714,0,0,45.83
Application_1085880569,27,4,13,5075728.96,13000,3,0.5,0,0,45.51
Application_1086190151,83,20,18,6281365.099,15000,21,0.5714285714285714,1,0,43.56
Application_1086310567,32,7,16,946008.906,10000,4,0.25,0,0,38.87
Application_1088837371,51,9,18,676095.411,50000,11,0.6,0,0,48.7
Application_1089454,67,9,18,2148368.428,0,13,0.11111111111111116,0,0,29.62
Application_1090055049,55,10,18,2567663.856,25500,13,0.5,0,0,42.59
Application_1090244272,23,4,13,2807777.374,25000,3,0.5,0,0,46.35
Application_1091101077,20,3,13,2726675.765,50000,2,0.0,0,0,26.44
Application_1096831814,42,8,17,356639.097,11800,7,0.19999999999999996,0,0,37.7
Application_1096968149,27,5,14,1885046.673,15000,4,0.6666666666666667,0,0,53.04
Application_110013435,30,7,16,662382.215,13000,5,0.0,0,0,27.72
Application_1101248362,49,8,18,3619295.251,7800,12,0.5,0,0,42.96
Application_1101997724,43,9,18,1496587.342,10000,8,0.8,0,0,57.47
Application_1103656222,33,6,16,1459240.109,8000,6,0.25,0,0,35.71
Application_1104832087,49,7,18,2394225.429,16000,9,0.19999999999999996,0,0,31.56
Application_1106513315,55,10,16,1968020.343,5900,13,0.0,0,0,24.97
Application_110813962,40,8,18,580713.396,5000,7,0.0,0,0,28.76
Application_1111090727,21,3,13,2720290.553,5000,2,0.5,0,0,50.05
Application_1111870538,25,5,13,571583.364,5000,4,0.5,0,0,50.81
Application_1112798958,35,7,17,907362.008,25000,5,0.25,0,0,35.8
Application_111351134,23,5,11,2726016.5,15000,4,0.6666666666666667,0,0,51.91
Application_1114296087,30,7,16,1140863.539,10000,5,0.0,0,0,26.3
Application_111540759,34,7,13,525911.488,10000,9,0.0,0,0,28.66
Application_1115533383,35,7,18,1457144.152,25000,6,0.0,0,0,24.36
Application_1115559180,22,4,11,2807859.362,35000,2,0.5,0,0,47.55
Application_1116264042,22,4,11,3965947.177,5000,2,0.5,0,0,48.9
Application_1118236712,25,4,13,2991258.548,15000,4,0.5,0,0,44.96
Application_111956933,38,7,13,4964323.56,5000,3,0.5,0,0,46.22
Application_1120819670,41,7,18,839956.481,6850,7,0.25,0,0,37.49
Application_1121433929,49,7,19,1121470.525,5000,7,0.33333333333333337,0,0,40.09
Application_1122657249,69,11,20,1038697.712,20000,12,0.5,0,0,45.79
Application_1122832658,27,6,14,702100.02,25000,5,0.0,0,0,26.58
Application_1123503301,27,5,14,694065.902,0,4,0.6666666666666667,0,0,57.28
Application_112699480,46,7,16,873261.148,0,10,0.6,0,0,51.92
Application_112781124,51,8,16,506455.708,7000,11,0.19999999999999996,0,0,37.02
Application_1128910355,39,8,16,4662934.81,0,6,0.75,0,0,52.81
Application_1130101747,46,10,18,1624812.392,10500,11,0.25,0,0,35.18
Application_1130151790,18,3,11,2639498.027,27000,2,0.5,0,0,48.38
Application_1132809491,52,10,18,2648577.614,8500,11,0.6666666666666667,0,0,50.52
Application_1134274536,45,8,17,831217.939,17000,7,0.16666666666666663,0,0,33.37
Application_1134992016,35,9,18,864146.789,6000,6,0.0,0,0,27.47
Application_1137970429,38,8,18,417750.839,5500,6,0.0,0,0,29.73
Application_1138826038,62,12,18,1189163.117,5000,13,0.5714285714285714,0,0,49.43
Application_1139007530,44,8,18,2220202.081,15000,8,0.4,0,0,39.87
Application_1141114991,29,4,14,1966163.547,15000,5,0.6666666666666667,0,0,50.91
Application_1142700916,22,4,13,2806312.539,21000,3,0.0,0,0,26.68
Application_1148109575,21,3,13,2752112.357,16000,2,0.5,0,0,49.14
Application_1148948732,62,11,16,1753950.655,0,15,0.4285714285714286,0,0,42.93
Application_1150278126,35,7,16,850718.335,35000,7,0.33333333333333337,0,0,38.53
Application_1151254747,36,7,13,4791392.414,5000,5,0.6666666666666667,0,0,48.99
Application_1152136689,94,11,17,2232702.859,43000,21,0.5454545454545454,0,0,43.43
Application_1152306667,45,7,18,2148944.778,10000,8,0.5,0,0,44.37
Application_1152826096,29,5,13,792495.571,17500,6,0.5,0,0,46.81
Application_1152947139,26,3,12,2672304.539,25000,2,0.5,0,0,48.51
Application_1154138569,27,6,13,3024706.393,15000,5,0.5,0,0,42.93
Application_1158729550,67,10,17,1801312.68,15000,15,0.4,0,0,40.51
Application_1158965741,52,11,19,3861712.533,5000,11,0.6,0,0,46.98
Application_1159615731,34,7,18,937326.692,18000,5,0.25,0,0,36.26
Application_1159653941,18,3,11,2649428.428,0,2,0.5,0,0,50.53
Application_1162039868,26,5,13,2989300.331,15000,4,0.6666666666666667,0,0,51.63
Application_1164128745,24,4,14,878336.101,11500,3,0.33333333333333337,0,0,44.31
Application_1164977817,31,8,14,870837.033,12500,7,0.0,0,0,26.93
Application_1172125329,31,5,16,847571.429,6000,3,0.33333333333333337,0,0,44.86
Application_1173759169,51,9,19,2856356.114,50000,7,0.6,0,0,44.3
Application_1174199914,39,8,18,1254974.829,6000,6,0.19999999999999996,0,0,34.33
Application_117521403,48,10,19,877292.215,15000,8,0.16666666666666663,0,0,33.37
Application_117590654,40,7,18,1648729.534,25000,6,0.4,0,0,39.98
Application_1179942266,36,7,16,742489.684,50000,7,0.6666666666666667,0,0,51.08
Application_1185170675,25,5,11,4466640.562,10000,4,0.0,0,0,24.14
Application_1185248307,28,6,11,2671854.271,10000,7,0.5,0,0,43.71
Application_1186082182,29,4,13,4054669.279,6000,2,0.5,0,0,48.75
Application_1191639983,30,4,17,579024.324,7000,3,0.33333333333333337,0,0,45.94
Application_1191743894,46,8,18,934528.283,15000,9,0.4,0,0,42.51
Application_119348284,32,7,16,2299933.698,7000,5,0.5,0,0,44.4
Application_1193723578,47,8,18,1050250.039,20000,8,0.19999999999999996,0,0,33.75
Application_1193728293,28,6,16,1116306.318,15000,4,0.0,0,0,27.97
Application_1195396325,74,10,18,693818.027,15000,15,0.6666666666666667,0,0,54.09
Application_1195564156,25,5,11,3859419.692,0,4,0.0,0,0,25.38
Application_1195697898,76,11,18,2320484.103,25000,16,0.5555555555555556,0,0,45.16
Application_1197857445,35,7,13,4830167.848,6000,7,0.33333333333333337,0,0,35.55
Application_1203113229,41,6,13,2064666.138,5000,2,0.5,0,0,50.89
Application_1203647789,39,7,18,1041219.975,10000,6,0.19999999999999996,0,0,34.58
Application_1203742645,53,9,15,914760.279,40000,7,0.6,0,0,48.58
Application_1204730406,36,7,16,758261.611,15000,6,0.19999999999999996,0,0,35.15
Application_1206916210,29,4,13,3697790.987,5000,2,0.5,0,0,49.11
Application_1207038345,30,7,14,2729009.387,50000,6,0.33333333333333337,0,0,33.77
Application_1210637698,19,3,13,248410.894,40000,1,0.5,0,0,56.55
Application_1220146067,38,8,14,681188.592,18000,10,0.33333333333333337,0,0,40.57
Application_1220810898,76,12,16,1223178.101,15000,19,0.33333333333333337,0,0,39.02
Application_1221068482,53,11,18,1852542.622,5000,12,0.6,0,0,49.22
Application_122336824,24,4,13,483349.205,24000,3,0.6666666666666667,0,0,58.47
Application_1224943696,29,5,13,4364877.692,20000,4,0.5,0,0,43.41
Application_1226577675,30,5,16,744632.885,10000,4,0.6666666666666667,0,0,56.27
Application_1227771244,52,10,19,530229.275,8000,9,0.0,0,0,28.8
Application_1231177181,50,7,18,830515.057,50000,9,0.4,0,0,40.07
Application_1231200933,26,5,13,4275215.855,6000,3,0.0,0,0,26.59
Application_1231383244,64,11,18,2403185.587,12500,13,0.33333333333333337,0,0,37.16
Application_1231427778,108,17,19,5025878.823,25000,27,0.25,0,0,30.58
Application_1233293090,22,4,13,2670582.832,15000,3,0.0,0,0,27.31
Application_1233495129,27,4,13,2737128.588,19000,4,0.0,0,0,24.91
Application_1234535641,27,5,13,4977508.803,8000,3,0.5,0,0,45.97
Application_1235595897,28,5,13,3187328.317,7000,3,0.6666666666666667,0,0,54.07
Application_123754331,36,7,16,530830.021,5000,6,0.19999999999999996,0,0,37.04
Application_1238272674,81,14,18,1615146.538,8000,19,0.5,0,0,45.4
Application_123987545,66,12,18,2932529.629,0,14,0.5,0,0,44.22
Application_124239405,61,13,18,1558457.093,16500,16,0.5,0,0,44.83
Application_1246596843,34,7,16,1190655.623,21000,5,0.0,0,0,25.29
Application_1247929652,49,10,16,1421893.318,30000,11,0.16666666666666663,0,0,30.7
Application_1248349972,61,12,18,2725981.978,5000,14,0.5714285714285714,0,0,46.9
Application_1250134245,27,4,13,4831558.129,5000,3,0.5,0,0,46.3
Application_1250493532,59,12,19,2880922.654,25000,12,0.33333333333333337,0,0,35.61
Application_1250825577,26,5,14,616757.552,6500,4,0.33333333333333337,0,0,43.79
Application_1251233599,53,10,20,1120115.966,30000,10,0.6,0,0,48.76
Application_1251541081,16,2,11,260583.432,15000,1,0.5,0,0,58.41
Application_1251733219,29,5,13,3883829.759,6000,2,0.5,0,0,48.89
Application_1252717204,42,7,15,5536474.986,20600,6,0.33333333333333337,0,0,33.97
Application_1254852969,12,3,7,159796.108,5000,1,1.0,0,0,80.7
Application_125495187,35,7,16,1350880.045,5000,6,0.75,0,0,56.19
Application_1257233322,38,8,16,845873.994,0,7,0.19999999999999996,0,0,36.01
Application_1257947863,41,7,17,696656.535,5000,6,0.19999999999999996,0,0,36.21
Application_1259601023,47,10,15,706354.911,10000,13,0.33333333333333337,0,0,41.1
Application_1260145017,37,8,18,2179744.827,5000,6,0.5,0,0,44.73
Application_1260340497,28,5,13,2889314.674,25000,4,0.0,0,0,24.27
Application_1261348817,27,5,13,2928214.091,15000,4,0.0,0,0,25.03
Application_1266995739,51,9,18,699993.421,7000,14,0.0,0,0,28.03
Application_1267839101,28,6,16,1731508.603,15000,4,0.0,0,0,26.63
Application_1268592022,40,8,19,1520486.543,10000,6,0.25,0,0,35.43
Application_1268984213,54,8,13,4183991.226,5000,5,0.0,0,0,22.74
Application_1271512732,25,4,13,2723468.279,5000,4,0.5,0,0,46.05
Application_127178924,45,11,14,781626.095,0,13,0.6666666666666667,0,0,54.92
Application_1274070913,22,3,11,2652422.301,5000,2,0.5,0,0,50.13
Application_1274270315,43,11,16,1535823.337,16500,10,0.0,0,0,24.87
Application_1277100580,45,7,16,695018.95,7000,9,0.6666666666666667,0,0,54.72
Application_1277569989,36,7,14,4524494.194,19000,6,0.5,0,0,41.38
Application_1279706099,27,5,14,685509.579,10000,5,0.0,0,0,27.86
Application_1279993072,31,6,17,1264667.137,10000,3,0.33333333333333337,0,0,43.32
Application_1280841912,49,8,16,596187.061,6000,10,0.0,0,0,28.6
Application_1281827491,53,14,18,1438371.967,6000,12,0.0,0,0,25.91
Application_1282765506,63,13,19,1085972.795,6500,12,0.0,0,0,26.73
Application_1282768200,52,8,19,1695825.892,5000,9,0.5714285714285714,0,0,48.35
Application_1283463965,60,13,17,2662369.411,29000,15,0.6,0,0,46.2
Application_1283783929,26,4,13,2756606.47,50000,3,0.5,0,0,44.41
Application_128641394,34,6,16,495180.802,35000,6,0.6666666666666667,0,0,53.51
Application_1290239114,34,7,16,780315.652,15000,6,0.33333333333333337,0,0,40.39
Application_1291947335,48,8,16,1181481.618,5000,13,0.5,0,0,46.59
Application_1292292855,46,8,20,1181451.549,13500,7,0.19999999999999996,0,0,33.91
Application_1292397670,61,10,18,1643437.588,26000,13,0.5,0,0,43.91
Application_1294530310,31,6,16,1703533.227,10000,5,0.25,0,0,35.08
Application_1295329022,94,21,17,3563231.259,12500,21,0.19999999999999996,1,0,30.63
Application_1296151288,63,11,16,1302412.279,0,15,0.5714285714285714,0,0,49.55
Application_1296362396,52,12,18,1868117.502,25000,11,0.8,0,0,55.6
Application_1297886565,26,5,13,4363251.3,14000,3,0.0,0,0,25.89
Application_1298220841,41,9,14,1183925.361,5800,11,0.6666666666666667,0,0,53.19
Application_1299976284,12,2,10,33904.06,5000,0,1.0,0,0,87.43
Application_1300843234,45,9,18,784423.887,12500,8,0.0,0,0,27.24
Application_1301009504,31,6,13,2727913.401,35000,7,0.33333333333333337,0,0,34.98
Application_1301488246,44,8,18,916032.531,5000,7,0.6666666666666667,0,0,54.04
Application_1301925609,43,9,16,941535.803,35000,11,0.25,0,0,34.89
Application_1302654957,21,3,13,2753439.181,37500,2,0.5,0,0,47.41
Application_1304234740,70,13,18,2133292.698,50000,17,0.5,0,0,41.19
Application_130460765,41,8,17,1314566.385,20000,8,0.33333333333333337,0,0,38.4
Application_1305526250,73,15,18,1279400.195,25000,18,0.7142857142857143,0,0,53.32
Application_1307111345,41,10,16,1105504.343,20000,9,0.0,0,0,25.6
Application_1308403282,39,6,19,1525934.746,18000,6,0.25,0,0,34.77
Application_1310063638,34,7,16,594131.592,8000,7,0.0,0,0,28.45
Application_1312956122,48,9,18,758882.787,12000,10,0.19999999999999996,0,0,35.38
Application_1313879847,34,5,11,4918521.289,20000,2,0.5,0,0,47.04
Application_1315608886,44,9,18,1485612.976,15000,9,0.0,0,0,25.1
Application_131619654,37,6,16,1110846.598,25000,6,0.4,0,0,41.18
Application_1316947913,28,5,13,3140572.933,40000,4,0.0,0,0,22.81
Application_1321130007,63,13,19,3403753.153,45000,12,0.4285714285714286,0,0,37.31
Application_1321331571,25,4,13,4006702.253,20000,2,0.5,0,0,47.67
Application_1326688469,25,5,13,2757161.132,35000,4,0.33333333333333337,0,0,36.94
Application_1327252496,102,13,16,2394471.01,0,24,0.5384615384615384,0,0,46.38
Application_1331441624,62,10,18,2425840.625,25000,13,0.125,0,0,27.8
Application_133175864,26,3,11,2632161.604,0,2,0.5,0,0,50.55
Application_1332804972,27,5,13,4120105.594,7500,3,0.5,0,0,46.58
Application_1333957806,41,5,16,1016895.87,0,8,0.4,0,0,43.45
Application_1334307261,31,5,17,863583.769,5000,3,0.33333333333333337,0,0,44.88
Application_13372270,27,5,16,1099181.168,5000,3,0.33333333333333337,0,0,44.15
Application_1339153511,78,11,18,1348205.653,12000,17,0.30000000000000004,0,0,37.63
Application_1340833880,66,13,17,2730942.623,10000,15,0.8,0,0,55.64
Application_1340887420,29,7,14,1831432.409,15000,6,0.0,0,0,24.46
Application_1341760659,33,8,16,935002.156,9500,6,0.33333333333333337,0,0,40.28
Application_1351256522,31,8,11,4463898.568,17000,7,0.0,0,0,21.58
Application_1351535871,22,4,13,2713675.724,7500,3,0.0,0,0,27.86
Application_1352321084,25,5,13,2798488.877,35000,4,0.5,0,0,43.56
Application_1353914944,25,4,14,844630.41,0,3,0.6666666666666667,0,0,58.69
Application_1354753416,35,6,15,1194697.765,9000,7,0.0,0,0,26.24
Application_1355798622,30,6,13,4571347.27,15000,4,0.6666666666666667,0,0,50.33
Application_1357431492,21,3,13,2720426.051,5000,2,0.5,0,0,50.05
Application_1362293013,47,7,17,1440956.038,21500,6,0.16666666666666663,0,0,31.34
Application_1363165385,22,5,13,443998.222,35000,3,0.0,0,0,31.18
Application_1363980603,22,5,13,446880.309,7500,3,0.0,0,0,33.36
Application_1364058057,66,10,16,4480426.965,23500,17,0.4285714285714286,0,0,38.19
Application_1365381023,33,7,13,4815085.61,5000,6,0.33333333333333337,0,0,35.64
Application_1366775062,28,5,15,861738.0,13000,3,0.33333333333333337,0,0,44.25
Application_1367358151,25,3,13,2750506.496,10000,4,0.5,0,0,45.62
Application_1368129455,45,8,18,947061.569,14000,7,0.4,0,0,42.55
Application_1369910658,46,9,18,903024.294,5000,10,0.5,0,0,47.41
Application_1370564184,51,9,16,950094.116,0,12,0.16666666666666663,0,0,34.33
Application_1370588808,22,4,13,2818199.436,25000,3,0.0,0,0,26.34
Application_1373752989,39,8,18,1894363.915,9750,7,0.5,0,0,44.77
Application_1374020543,86,11,16,3814854.904,30000,22,0.7,0,0,49.02
Application_1377264777,45,7,18,699880.871,6000,9,0.19999999999999996,0,0,36.11
Application_1378152317,22,6,13,685818.794,5000,3,0.0,0,0,32.25
Application_1380878419,46,7,16,753565.348,35000,9,0.7142857142857143,0,0,54.14
Application_1382673202,28,6,16,668470.429,7000,4,0.0,0,0,30.17
Application_1386615618,20,4,13,431959.879,50000,2,0.0,0,0,32.06
Application_1388535332,36,9,16,1041517.119,17500,7,0.5,0,0,45.98
Application_138867953,59,13,19,3149439.02,38000,11,0.5,0,0,40.96
Application_1393839820,22,4,11,3589058.79,5000,2,0.5,0,0,49.21
Application_1395142997,37,6,16,1125281.7,20000,8,0.25,0,0,35.54
Application_1397601234,21,4,13,832247.36,17500,2,0.5,0,0,52.66
Application_1397856354,20,3,11,2829957.629,0,3,0.5,0,0,48.33
Application_1399527891,45,7,13,3866111.126,7000,6,0.6666666666666667,0,0,49.49
Application_1400868306,35,6,14,692479.529,25000,9,0.0,0,0,26.62
Application_140339738,36,10,13,3834154.695,11000,8,0.0,0,0,22.52
Application_1403474196,36,9,14,1972504.981,25000,9,0.33333333333333337,0,0,36.76
Application_1404826562,40,8,15,3886855.06,13000,5,0.75,0,0,52.32
Application_1405057301,43,9,18,915177.73,10000,9,0.4,0,0,42.97
Application_1405679737,102,23,18,6857425.331,5000,34,0.7142857142857143,1,0,49.8
Application_1408374544,18,3,11,2651805.883,25000,2,0.5,0,0,48.53
Application_140895599,33,6,13,3784437.912,6000,6,0.5,0,0,42.96
Application_1409118214,33,5,17,679423.158,15000,4,0.33333333333333337,0,0,42.82
Application_1409353979,32,5,16,1100499.078,27200,5,0.6666666666666667,0,0,51.7
Application_1409487195,37,8,13,4208705.446,10000,8,0.33333333333333337,0,0,35.65
Application_141242052,42,8,18,804109.937,5000,7,0.4,0,0,43.77
Application_1413308979,23,5,13,597740.935,6000,3,0.5,0,0,52.59
Application_1416762147,96,17,19,4808586.281,5000,23,0.4,0,0,38.31
Application_1417516413,22,4,11,4635855.357,5000,2,0.5,0,0,48.43
Application_1420077883,72,14,19,3131360.126,27500,20,0.4,0,0,37.82
Application_142048246,69,13,18,854572.863,6500,20,0.5,0,0,47.46
Application_1421205189,40,8,18,1524897.073,10000,7,0.0,0,0,25.42
Application_1421234379,36,5,17,578188.247,14000,3,0.6666666666666667,0,0,58.72
Application_1425008735,39,8,18,593378.688,10000,6,0.19999999999999996,0,0,36.3
Application_1425009896,38,8,16,2062678.423,25000,9,0.0,0,0,23.3
Application_1426271838,57,9,16,803304.904,35000,16,0.4,0,0,41.37
Application_14270635,46,11,18,940596.814,7500,10,0.0,0,0,27.09
Application_1427678905,41,7,16,1182313.8,10000,7,0.16666666666666663,0,0,32.86
Application_1428307326,27,5,14,590331.059,25000,5,0.0,0,0,27.11
Application_1428685815,21,3,13,2665455.656,10000,2,0.5,0,0,49.71
Application_1428995636,28,5,16,532754.005,5500,3,0.6666666666666667,0,0,59.65
Application_1430471697,25,4,13,3795972.262,5000,2,0.5,0,0,49.03
Application_1432907447,33,7,16,1539718.161,0,6,0.25,0,0,36.19
Application_1434477082,49,10,16,2835416.701,20000,11,0.75,0,0,52.72
Application_1436618564,26,5,13,354853.055,15500,5,0.0,0,0,29.42
Application_1436780800,22,4,11,3011125.572,0,2,0.5,0,0,50.14
Application_1439119047,44,7,16,786335.175,0,9,0.6,0,0,52.24
Application_14401241,33,6,13,4189429.984,15000,2,0.5,0,0,47.93
Application_1440936696,31,7,16,942731.791,7500,5,0.33333333333333337,0,0,40.42
Application_1441584020,60,7,20,393921.617,35000,9,0.7142857142857143,0,0,56.12
Application_144264435,46,9,18,643219.173,6500,9,0.4,0,0,44.33
Application_1443667725,28,6,16,676399.563,10000,4,0.0,0,0,29.9
Application_1444519141,47,9,19,648714.315,7500,9,0.4,0,0,44.22
Application_1446096185,49,10,17,1557482.376,0,10,0.0,0,0,26.15
Application_1447778468,37,10,17,1447209.148,5000,6,0.33333333333333337,0,0,39.31
Application_1447851462,49,5,16,1292556.694,23000,11,0.6666666666666667,0,0,51.55
Application_1448214642,58,10,19,1051522.316,8000,10,0.2857142857142857,0,0,38.14
Application_145047168,25,5,13,2927377.134,5000,4,0.5,0,0,45.83
Application_1452087651,26,5,13,4119758.608,5000,3,0.0,0,0,26.79
Application_1453762207,36,6,16,928008.362,9500,7,0.5,0,0,46.97
Application_1456924666,21,5,11,2825585.239,12500,4,0.0,0,0,25.34
Application_1461377869,43,9,18,1099094.182,20000,8,0.19999999999999996,0,0,33.62
Application_1461440233,27,4,13,4983132.657,11000,3,0.5,0,0,45.72
Application_1461629716,18,3,11,2671981.348,16000,2,0.5,0,0,49.23
Application_1462160624,29,6,16,862130.358,5000,4,0.33333333333333337,0,0,42.89
Application_1462703151,34,6,16,656126.74,5000,6,0.5,0,0,48.39
Application_1462709587,43,8,18,609776.965,11000,8,0.19999999999999996,0,0,36.13
Application_1465506786,40,7,16,1289232.669,32000,8,0.19999999999999996,0,0,32.17
Application_1465521095,33,8,16,767646.071,15000,5,0.33333333333333337,0,0,40.44
Application_1467707739,41,6,16,766768.154,0,6,0.5,0,0,48.31
Application_1468021532,50,8,16,932462.973,15000,10,0.6,0,0,50.52
Application_1470184564,34,7,16,1728606.419,5000,6,0.5,0,0,45.43
Application_1471099537,30,5,15,688690.718,10000,5,0.0,0,0,27.84
Application_1474017032,53,10,17,1108338.816,15000,12,0.4,0,0,41.99
Application_1476922534,75,12,19,6485449.325,6000,16,0.16666666666666663,0,0,27.99
Application_1478226284,42,10,16,3595100.84,26600,10,0.5,0,0,41.47
Application_1482153042,46,6,19,665624.401,8000,6,0.8,0,0,60.1
Application_1484759598,50,10,18,2468064.811,19000,11,0.4,0,0,39.23
Application_1484851617,22,3,11,2662803.776,7500,2,0.5,0,0,49.92
Application_1485695068,42,8,13,3675317.394,15000,7,0.33333333333333337,0,0,35.67
Application_1486099425,26,4,13,2740003.853,5000,4,0.6666666666666667,0,0,52.7
Application_1487522985,40,9,19,3098749.125,5000,6,0.25,0,0,33.65
Application_1487601558,59,11,18,943928.74,10000,13,0.1428571428571429,0,0,32.59
Application_1488592654,48,11,15,3616567.995,0,13,0.75,0,0,53.58
Application_1492351094,40,7,19,1437921.688,12000,6,0.25,0,0,35.44
Application_1493542155,24,4,13,4278853.634,35000,2,0.0,0,0,26.27
Application_1494501575,62,9,18,1451149.547,35000,11,0.625,0,0,48.57
Application_1498056352,45,7,13,4651304.721,26500,6,0.5,0,0,40.7
Application_1498877057,24,4,13,2718396.364,16000,3,0.6666666666666667,0,0,53.84
Application_1499869275,55,11,16,3678320.025,30000,13,0.5,0,0,41.13
Application_1502516207,26,5,14,1006307.213,0,4,0.33333333333333337,0,0,42.82
Application_1503421831,37,7,19,916349.281,10000,5,0.25,0,0,36.97
Application_1503474590,34,4,16,773020.451,16000,6,0.33333333333333337,0,0,40.34
Application_150460419,24,5,13,695746.479,8000,4,0.0,0,0,29.97
Application_1506426720,24,4,14,488651.967,0,3,0.33333333333333337,0,0,47.02
Application_1507218840,28,5,15,1307299.756,16000,3,0.33333333333333337,0,0,42.74
Application_1507561607,33,5,16,347984.838,6000,4,0.4,0,0,48.24
Application_1508092841,38,8,16,685484.236,15000,7,0.19999999999999996,0,0,35.46
Application_1508103415,43,7,16,1661136.333,0,8,0.16666666666666663,0,0,32.62
Application_1513129576,30,5,16,589693.839,10000,4,0.6666666666666667,0,0,56.98
Application_1514861341,36,6,13,4210732.699,7000,3,0.6666666666666667,0,0,53.23
Application_1518753356,28,6,16,1387746.551,5000,4,0.0,0,0,28.1
Application_1519229956,41,6,16,744683.665,6000,6,0.5,0,0,47.92
Application_1520375133,38,9,17,927611.884,28525,6,0.6666666666666667,0,0,52.12
Application_1520553542,21,3,13,2743440.357,25000,2,0.5,0,0,48.43
Application_1522035466,24,4,13,2652684.073,10000,3,0.6666666666666667,0,0,54.39
Application_152741327,31,5,13,2874564.197,30000,5,0.5,0,0,41.88
Application_1529124572,43,9,18,2227382.264,5000,8,0.19999999999999996,0,0,32.66
Application_1530322400,62,10,18,2915158.331,5000,16,0.6,0,0,47.84
Application_1534280400,26,5,14,1219850.753,15000,4,0.33333333333333337,0,0,41.03
Application_153538723,44,8,18,4332301.884,5000,10,0.25,0,0,32.63
Application_1535675187,89,9,18,1101343.611,8500,22,0.7,0,0,54.53
Application_1537110918,49,7,18,795794.436,15000,7,0.4285714285714286,0,0,44.14
Application_1538441067,40,8,16,2061163.788,10500,7,0.5,0,0,44.46
Application_1541161276,43,9,16,1112094.851,5000,11,0.33333333333333337,0,0,40.11
Application_1542850991,27,5,16,566629.7,6250,3,0.33333333333333337,0,0,46.07
Application_1542922978,31,6,13,4007287.846,16000,5,0.5,0,0,41.99
Application_1545993826,56,12,18,1598797.676,12000,14,0.33333333333333337,0,0,38.45
Application_1546754076,64,12,18,1466846.562,15000,12,0.2222222222222222,0,0,34.02
Application_1547844908,55,9,17,1033644.601,40000,10,0.1428571428571429,0,0,29.92
Application_1548782450,45,10,16,3883467.257,26400,12,0.25,0,0,31.25
Application_1549089757,57,13,18,744085.984,8000,12,0.1428571428571429,0,0,33.48
Application_1549864001,39,6,17,1374879.231,44000,7,0.25,0,0,33.01
Application_1550105314,37,8,16,1099597.635,20000,8,0.33333333333333337,0,0,38.95
Application_1552817671,30,5,11,4209667.579,9000,2,0.5,0,0,48.4
Application_1553362978,30,6,13,5002442.615,12000,3,0.0,0,0,25.63
Application_1553446113,23,4,13,2909257.733,5000,3,0.5,0,0,47.85
Application_1554288279,35,8,16,828961.414,5000,6,0.75,0,0,57.68
Application_1555832622,45,9,18,935781.567,5000,10,0.4,0,0,43.31
Application_1558527814,25,4,13,4030897.817,5000,2,0.5,0,0,48.85
Application_1559203034,25,3,13,2717726.199,20000,2,0.5,0,0,48.85
Application_1559270931,28,6,16,820675.478,6000,4,0.0,0,0,29.63
Application_1560596102,18,3,11,2658109.288,0,2,0.5,0,0,50.52
Application_1562279625,56,12,18,1000387.642,10500,12,0.4285714285714286,0,0,43.81
Application_1562741414,26,5,16,1258136.667,10000,3,0.0,0,0,30.0
Application_1562990453,30,7,16,1548997.739,5000,5,0.0,0,0,25.77
Application_1563935994,65,9,16,1215928.35,20000,20,0.4,0,0,41.31
Application_1565167497,28,6,16,934321.923,5000,4,0.0,0,0,29.31
Application_1565253423,12,2,8,19758.828,0,1,1.0,0,0,87.47
Application_1569654923,27,5,14,616384.424,25000,5,0.0,0,0,26.98
Application_1569845993,30,5,14,1113368.973,0,6,0.33333333333333337,0,0,40.51
Application_1572207328,47,10,18,2013894.582,23500,10,0.19999999999999996,0,0,31.49
Application_1575122096,52,9,20,1173900.919,5000,10,0.19999999999999996,0,0,34.61
Application_1582681407,32,7,17,1368207.803,20000,4,0.0,0,0,26.95
Application_158313942,20,4,11,2650697.733,0,3,0.5,0,0,48.53
Application_1588116542,25,4,13,4103770.401,14000,2,0.5,0,0,48.08
Application_1588453219,47,10,16,2619432.283,42500,12,0.75,0,0,51.17
Application_1588619628,32,4,13,4914278.104,24000,3,0.6666666666666667,0,0,51.39
Application_1589119859,30,6,13,2761163.977,30000,6,0.6666666666666667,0,0,48.67
Application_1591209374,55,9,18,968679.759,5000,13,0.6,0,0,51.2
Application_1591415690,28,6,16,1614512.497,6000,4,0.0,0,0,27.56
Application_1593275377,38,9,13,2716032.015,30000,10,0.5,0,0,42.06
Application_1596259876,53,10,19,944272.821,5000,11,0.19999999999999996,0,0,35.28
Application_1597473147,20,3,13,2666479.352,15000,2,0.0,0,0,29.31
Application_1598894275,37,8,16,1738568.16,18000,8,0.25,0,0,34.38
Application_1600150028,33,7,16,3379284.832,20000,4,0.33333333333333337,0,0,37.52
Application_1601041346,51,11,18,872868.998,15000,12,0.19999999999999996,0,0,34.72
Application_1602626150,21,3,13,2755020.107,20000,2,0.5,0,0,48.81
Application_1603124379,61,12,19,840154.438,13000,11,0.4285714285714286,0,0,44.14
Application_1607028451,63,9,16,949488.782,20000,15,0.5714285714285714,0,0,48.92
Application_1609703275,43,8,18,664765.563,5500,8,0.19999999999999996,0,0,36.31
Application_1609863098,40,6,16,3190906.213,15000,8,0.19999999999999996,0,0,30.76
Application_1610515534,32,5,13,4036942.571,8000,4,0.0,0,0,24.61
Application_1612474218,29,5,13,4364559.341,5000,4,0.33333333333333337,0,0,37.94
Application_1613424593,54,11,19,1359127.535,18000,12,0.0,0,0,25.13
Application_1616009132,32,6,16,1524261.121,0,5,0.5,0,0,46.22
Application_1616410992,26,5,13,4391644.995,10000,3,0.0,0,0,26.19
Application_1616900126,56,11,19,1086574.972,37500,10,0.0,0,0,24.25
Application_1617180019,47,9,19,2082514.073,20000,9,0.5,0,0,43.67
Application_161868482,62,9,18,1444820.379,15000,15,0.8571428571428572,0,0,59.47
Application_1620409659,83,13,18,1373560.154,25000,21,0.33333333333333337,0,0,37.87
Application_1620828737,41,7,18,837639.871,25000,7,0.19999999999999996,0,0,34.04
Application_1622901437,74,12,19,3250312.599,7500,14,0.6,0,0,47.31
Application_162342266,72,8,16,4055641.639,0,18,0.5,0,0,43.23
Application_1624036826,32,6,13,4487806.354,10000,5,0.6666666666666667,0,0,48.79
Application_1624825294,48,12,18,3188578.704,5000,11,0.6,0,0,47.57
Application_1626640901,27,6,14,615488.562,12000,5,0.0,0,0,28.02
Application_1629784556,54,9,19,2045675.686,48000,11,0.4,0,0,37.48
Application_1631137033,124,15,18,2235371.53,20000,39,0.4545454545454546,0,0,41.63
Application_163280222,28,5,16,751856.094,25000,4,0.0,0,0,28.37
Application_1634651522,62,14,18,2949993.396,7500,16,0.6,0,0,47.6
Application_163777174,63,11,18,1610585.158,11000,13,0.7142857142857143,0,0,53.74
Application_1639687553,61,11,17,2900226.45,0,15,0.5,0,0,44.26
Application_1640008006,38,9,16,766400.785,5000,8,0.5,0,0,47.91
Application_1643165806,34,9,16,4200709.266,15000,7,0.0,0,0,21.93
Application_1644702343,67,13,18,1109558.815,13000,14,0.11111111111111116,0,0,30.59
Application_1645236489,33,6,11,2325121.975,23000,2,0.5,0,0,49.09
Application_1645963200,33,6,14,625411.055,7000,7,0.6666666666666667,0,0,55.04
Application_1648789246,30,5,14,1125528.51,17500,6,0.33333333333333337,0,0,39.08
Application_1649139732,18,3,11,2648874.78,0,2,0.5,0,0,50.53
Application_1650844500,88,14,18,4371714.61,27000,23,0.4444444444444444,0,0,38.62
Application_1657807370,30,7,14,602982.124,27750,6,0.33333333333333337,0,0,40.16
Application_1660185664,51,11,16,4264397.94,0,11,0.5,0,0,43.08
Application_1661120161,33,6,14,953788.2,27500,7,0.6666666666666667,0,0,52.11
Application_1662197696,31,6,16,866965.432,5000,5,0.25,0,0,37.54
Application_1666984263,18,3,13,248118.468,25000,1,0.0,0,0,37.75
Application_1669670154,27,5,16,746135.313,5000,3,0.33333333333333337,0,0,45.33
Application_1670143620,20,4,11,2657406.891,25000,3,0.5,0,0,46.52
Application_1674281629,32,6,15,269119.957,30000,5,0.33333333333333337,0,0,42.44
Application_1675166178,44,11,18,1312539.935,15000,9,0.0,0,0,25.47
Application_1679363646,41,7,13,4144073.549,11000,4,0.0,0,0,24.29
Application_167944225,34,8,16,622232.462,8000,7,0.0,0,0,28.31
Application_1684474347,34,6,13,2985658.189,5000,9,0.0,0,0,23.77
Application_1685403223,24,4,14,1205998.902,7000,3,0.33333333333333337,0,0,43.71
Application_1687910953,28,6,16,858784.766,5700,4,0.0,0,0,29.51
Application_1688279534,41,10,13,1081796.81,7000,11,1.0,0,0,66.7
Application_1689648120,44,7,16,923007.893,25000,11,0.6666666666666667,0,0,52.41
Application_1691306052,31,7,15,530018.225,10000,5,0.6666666666666667,0,0,55.31
Application_1691541069,31,6,16,652349.876,0,5,0.25,0,0,38.81
Application_16918887,30,4,15,334640.099,0,4,0.33333333333333337,0,0,46.18
Application_1692006952,43,7,16,951391.234,29000,9,0.4,0,0,41.34
Application_1696031128,25,4,14,623912.078,20000,4,0.0,0,0,29.34
Application_1697094390,37,8,16,1524959.313,10000,8,0.33333333333333337,0,0,38.75
Application_1698374359,33,6,14,1020847.262,49000,7,0.6666666666666667,0,0,50.19
Application_1699757505,51,10,20,859859.718,6000,8,0.19999999999999996,0,0,35.48
Application_1699815319,29,6,16,707586.242,10000,4,0.33333333333333337,0,0,43.09
Application_1701145006,30,4,13,2827588.518,5000,4,0.6666666666666667,0,0,52.6
Application_1701710358,47,7,16,611302.287,0,7,0.5714285714285714,0,0,51.86
Application_1702060008,51,8,18,756787.372,20000,9,0.19999999999999996,0,0,34.75
Application_1703059556,22,4,11,3622731.546,10000,2,0.5,0,0,48.78
Application_1705432175,29,5,14,677214.811,0,5,0.6666666666666667,0,0,55.36
Application_1708364219,32,7,16,1184363.36,15000,6,0.0,0,0,25.79
Application_1709293384,25,4,13,3786872.717,16000,2,0.5,0,0,48.16
Application_1710223761,22,4,13,2738233.431,11000,3,0.0,0,0,27.55
Application_1713826686,40,7,16,1256866.231,15000,10,0.0,0,0,25.61
Application_1714277479,31,5,16,669488.631,5000,5,0.25,0,0,38.33
Application_1719274647,36,5,16,960066.277,18000,6,0.19999999999999996,0,0,34.19
Application_1719978147,39,9,18,1262723.909,8000,8,0.0,0,0,26.15
Application_1720509792,45,9,16,1475765.264,0,9,0.0,0,0,26.32
Application_1723028098,31,7,16,1797412.153,25000,5,0.33333333333333337,0,0,37.05
Application_1723779444,27,4,13,4873902.853,5000,3,0.5,0,0,46.27
Application_1724196691,18,3,11,2633662.906,0,2,0.5,0,0,50.55
Application_1729322307,41,10,11,3865773.532,0,6,0.0,0,0,23.38
Application_1730592826,40,9,16,2013639.644,20000,8,0.19999999999999996,0,0,31.77
Application_1732317464,45,6,17,841929.095,30300,8,0.6,0,0,49.6
Application_1732998095,56,9,16,662414.979,0,11,0.25,0,0,38.76
Application_1733714116,43,10,18,1071408.485,7500,9,0.4,0,0,42.69
Application_1735003572,39,8,16,1647544.019,10000,9,0.33333333333333337,0,0,38.51
Application_1736729099,27,4,14,666129.086,5000,4,0.6666666666666667,0,0,57.01
Application_1738753926,27,5,16,790774.751,5000,3,0.33333333333333337,0,0,45.15
Application_1739261375,48,9,16,924947.635,10000,9,0.6,0,0,50.94
Application_173998060,35,6,17,751743.542,10000,5,0.33333333333333337,0,0,40.91
Application_1740302556,29,6,13,2787505.065,50000,6,0.33333333333333337,0,0,33.71
Application_174120790,22,4,11,4105435.337,8000,2,0.5,0,0,48.56
Application_1744454993,51,8,18,841615.099,15000,10,0.8,0,0,58.83
Application_1746133767,28,6,16,737598.18,20000,4,0.0,0,0,28.83
Application_1746503349,55,10,18,2810408.895,27500,13,0.6,0,0,46.15
Application_1746793196,84,17,19,2331837.395,5000,22,0.5,0,0,44.52
Application_1747078975,67,13,19,938820.799,17000,14,0.375,0,0,41.34
Application_1747572025,22,5,13,1034426.523,12500,3,0.0,0,0,30.4
Application_1750437642,19,3,13,84364.045,7000,1,0.5,0,0,62.49
Application_1751378977,67,13,16,1382211.734,15000,15,0.2857142857142857,0,0,36.74
Application_1754646859,24,4,13,4873154.695,10000,2,0.0,0,0,27.87
Application_1754943309,24,5,13,179068.278,10000,4,0.0,0,0,33.95
Application_1755216521,24,5,13,3099378.732,50000,4,0.0,0,0,22.05
Application_1760683579,60,7,18,778183.501,5000,12,0.5714285714285714,0,0,50.73
Application_1761650363,18,3,11,2658568.626,20000,2,0.5,0,0,48.92
Application_1762026731,55,10,18,763821.2,15000,10,0.4285714285714286,0,0,44.27
Application_1762711881,20,4,11,2735714.316,37500,3,0.5,0,0,45.43
Application_1763558826,29,5,16,316709.913,0,4,0.25,0,0,43.01
Application_1764180224,81,12,19,3452911.016,6000,18,0.1428571428571429,0,0,28.96
Application_1764491475,22,4,13,2737867.654,15000,3,0.0,0,0,27.23
Application_1765204099,34,7,17,883907.42,8300,5,0.0,0,0,27.22
Application_1766102598,36,7,16,649552.744,0,6,0.19999999999999996,0,0,36.82
Application_1767756144,34,6,17,1064101.227,15000,5,0.0,0,0,26.11
Application_1771304108,31,5,14,731704.575,0,5,0.6666666666666667,0,0,55.12
Application_1772525219,26,5,14,768907.957,0,4,0.33333333333333337,0,0,43.64
Application_1777080449,45,9,18,773602.227,5500,9,0.19999999999999996,0,0,35.85
Application_1777521893,50,9,16,1109302.893,8000,10,0.1428571428571429,0,0,32.26
Application_1777551382,18,3,11,2666645.931,8000,2,0.5,0,0,49.87
Application_1778663922,43,10,16,927357.849,5500,10,0.75,0,0,57.29
Application_1778791004,49,9,16,1157642.9,15000,14,0.33333333333333337,0,0,39.19
Application_1779355171,48,9,16,1291496.482,0,11,0.6,0,0,50.72
Application_1779939197,56,10,16,1471295.223,0,15,0.6,0,0,50.33
Application_178025821,56,8,18,1600628.72,50000,10,0.6666666666666667,0,0,48.74
Application_1784350386,48,9,16,1216388.778,42500,11,0.6,0,0,47.51
Application_1786310164,21,3,13,2688873.461,15000,2,0.5,0,0,49.29
Application_1786874274,24,2,14,25207.335,0,3,0.33333333333333337,0,0,56.06
Application_1787371920,42,9,16,856691.093,23500,9,0.19999999999999996,0,0,34.1
Application_1787716134,45,10,18,1053828.726,6000,9,0.19999999999999996,0,0,34.86
Application_1791187926,30,5,13,4798948.352,5000,3,0.5,0,0,46.32
Application_1793665913,28,6,13,3767510.797,5000,4,0.0,0,0,25.06
Application_1793939874,26,5,13,3163850.619,5000,5,0.0,0,0,23.59
Application_1794275041,33,6,13,4191258.136,5000,2,0.5,0,0,48.73
Application_1799006807,52,12,18,3199725.27,16000,13,0.75,0,0,52.68
Application_1800077559,38,7,17,1000035.413,14000,7,0.0,0,0,26.38
Application_1800788442,38,6,16,609286.094,25000,8,0.6666666666666667,0,0,53.68
Application_1800870760,38,7,17,1454897.787,45000,6,0.5,0,0,42.76
Application_180547487,59,10,18,935552.938,6000,12,0.4285714285714286,0,0,44.37
Application_1806387393,38,6,16,847272.916,5000,7,0.8,0,0,59.61
Application_1807260077,41,11,14,713128.367,15000,12,0.0,0,0,27.33
Application_1807570830,44,9,18,2039325.307,14000,9,0.0,0,0,24.21
Application_1807951250,44,7,16,843275.605,22000,6,0.4285714285714286,0,0,43.41
Application_1811684691,35,7,16,944580.899,22000,7,0.33333333333333337,0,0,39.25
Application_1812038441,35,3,16,417146.362,0,4,0.8,0,0,64.17
Application_1812218858,41,8,16,1207492.048,16000,10,0.25,0,0,35.65
Application_1813174327,49,10,16,1195977.689,20000,13,0.0,0,0,25.36
Application_1814221815,34,9,16,768086.966,20000,7,0.0,0,0,26.71
Application_1814433442,52,9,18,1113566.458,6000,11,0.6666666666666667,0,0,53.36
Application_182125093,45,9,18,660043.168,25000,9,0.19999999999999996,0,0,34.77
Application_1823402778,35,6,18,968918.723,15000,3,0.33333333333333337,0,0,43.73
Application_1823621137,44,9,18,1214141.609,5500,9,0.0,0,0,26.47
Application_1825104006,38,6,13,4963270.542,15000,3,0.0,0,0,25.42
Application_1825891896,24,4,14,526650.35,0,3,0.33333333333333337,0,0,46.79
Application_1825972191,64,10,20,3991388.214,15000,10,0.5714285714285714,0,0,44.94
Application_1826649266,32,5,13,3858553.689,10000,5,0.6666666666666667,0,0,49.25
Application_1829687885,40,8,16,1222264.142,19000,7,0.6,0,0,49.37
Application_1830688036,40,8,17,780034.967,18000,6,0.19999999999999996,0,0,34.82
Application_1832081539,101,11,18,2078316.199,30000,21,0.6666666666666667,0,0,49.54
Application_1832254057,44,6,16,670486.621,50000,9,0.6,0,0,48.72
Application_1833362956,71,13,17,1716884.226,0,18,0.2857142857142857,0,0,37.28
Application_1833979489,50,8,17,572238.134,0,10,0.4,0,0,45.21
Application_1835401493,50,12,18,1571032.974,8000,11,0.33333333333333337,0,0,38.82
Application_1837644768,20,4,11,2760033.95,50000,3,0.5,0,0,44.41
Application_1838732360,18,3,11,2647917.169,5000,2,0.5,0,0,50.13
Application_184080124,34,7,16,772196.357,0,6,0.5,0,0,48.29
Application_1841789315,69,14,18,1246917.247,5000,17,0.4285714285714286,0,0,43.57
Application_1844611671,26,6,14,5263904.454,5000,3,0.0,0,0,26.04
Application_1845547664,46,9,19,873835.294,9000,8,0.16666666666666663,0,0,33.86
Application_1846626914,38,9,18,963058.86,5000,7,0.25,0,0,37.22
Application_1848036697,42,11,16,1228803.266,250000,11,0.0,0,0,6.88
Application_1848603655,24,5,13,2789548.365,6300,4,0.0,0,0,25.87
Application_1853222107,36,10,16,1188227.025,19763,7,0.5,0,0,45.4
Application_1853330214,53,9,16,763314.394,30000,14,0.4,0,0,41.93
Application_1854554571,58,12,18,1270359.163,5000,14,0.5714285714285714,0,0,49.23
Application_1854801140,36,5,13,4794227.295,8750,4,0.33333333333333337,0,0,37.36
Application_1859043344,56,8,17,3558567.625,10000,11,0.6,0,0,46.83
Application_1859638703,58,11,19,708484.978,15000,13,0.5,0,0,47.35
Application_1861587055,19,3,13,327881.002,5000,1,0.5,0,0,58.5
Application_1863611182,27,4,13,2760685.691,30000,5,0.5,0,0,42.01
Application_1865699548,49,10,17,843860.569,8000,10,0.4,0,0,43.38
Application_1867648545,51,9,19,1652804.265,45000,10,0.4,0,0,38.37
Application_1867921610,21,3,13,2718885.686,50000,2,0.5,0,0,46.45
Application_1868808301,56,8,18,769400.14,10000,11,0.5,0,0,47.5
Application_1870161219,90,16,18,4897840.232,27400,28,0.2857142857142857,0,0,31.89
Application_1870524050,22,4,13,2736921.366,17000,3,0.0,0,0,27.07
Application_1870852554,34,7,16,1681802.826,5000,7,0.0,0,0,25.52
Application_1873297327,46,8,18,698420.466,30000,9,0.4,0,0,42.2
Application_1875938883,28,6,16,1266795.427,15000,3,0.5,0,0,49.58
Application_1876456626,79,12,19,1010854.763,10750,17,0.5,0,0,46.61
Application_1876770869,18,3,11,2669239.57,5000,2,0.5,0,0,50.11
Application_1878239836,32,7,16,849326.587,15000,5,0.6666666666666667,0,0,53.47
Application_1879718776,35,7,13,4212990.965,6589,3,0.33333333333333337,0,0,39.92
Application_1880024094,20,4,11,2804811.877,6000,3,0.5,0,0,47.88
Application_1881425780,23,4,13,595039.407,8500,3,0.5,0,0,52.41
Application_1884385405,29,6,16,450731.889,10000,4,0.33333333333333337,0,0,44.47
Application_1885478669,41,8,16,1277987.77,15000,10,0.33333333333333337,0,0,38.89
Application_1885772834,70,13,18,1950977.894,25000,14,0.4444444444444444,0,0,41.24
Application_1886382319,22,4,11,4831896.887,11000,2,0.5,0,0,47.82
Application_189085643,48,9,19,1108551.27,15000,8,0.19999999999999996,0,0,33.99
Application_1891076145,72,8,18,847807.458,15000,16,0.25,0,0,36.81
Application_1892186837,37,6,16,279468.278,5000,5,0.8,0,0,62.99
Application_189453653,46,10,19,3664663.663,25000,9,0.25,0,0,31.54
Application_1898813636,28,5,13,4641513.489,5000,3,0.6666666666666667,0,0,53.09
Application_1898882436,41,9,18,927135.853,5000,9,0.0,0,0,27.33
Application_1899463053,77,14,20,4022755.074,25000,17,0.375,0,0,36.26
Application_1902262189,57,7,16,1880145.301,19000,15,0.8,0,0,56.06
Application_1903580067,39,6,18,1101777.204,5000,5,0.6,0,0,50.81
Application_1905015342,28,4,17,561871.766,7500,2,0.5,0,0,54.66
Application_1905063150,68,9,17,1464435.359,0,13,0.5714285714285714,0,0,49.2
Application_1909606806,51,9,19,1621286.283,40000,9,0.4,0,0,38.83
Application_190984886,45,8,19,686145.185,15000,7,0.19999999999999996,0,0,35.45
Application_1910304791,39,9,16,651221.525,15000,8,0.0,0,0,27.61
Application_1911804233,25,4,13,2825970.216,20000,4,0.33333333333333337,0,0,38.07
Application_1916415976,52,9,18,856352.482,5500,10,0.0,0,0,27.54
Application_1922956945,27,5,13,2804098.912,7500,5,0.5,0,0,43.76
Application_1925488368,92,16,19,3155721.085,16500,18,0.5454545454545454,0,0,44.5
Application_1926826475,54,10,17,7320360.624,20000,12,0.8,0,0,51.83
Application_1930081074,35,7,18,1167821.792,5000,6,0.0,0,0,26.63
Application_1930449097,18,3,11,2645808.631,20000,2,0.5,0,0,48.94
Application_1930715945,24,5,13,2839763.89,35000,4,0.0,0,0,23.52
Application_1931792282,20,4,13,189377.27,7000,2,0.0,0,0,38.02
Application_1932260488,44,13,16,1474360.084,5000,11,0.5,0,0,45.92
Application_19324985,25,6,13,682386.509,8000,4,0.33333333333333337,0,0,43.36
Application_1933550065,53,6,13,5006213.65,13500,4,0.5,0,0,43.51
Application_1938300690,33,8,16,936773.019,45000,6,0.33333333333333337,0,0,37.44
Application_19385579,38,8,16,2175717.02,0,7,0.19999999999999996,0,0,33.13
Application_193978070,46,10,18,868696.233,35000,10,0.6,0,0,49.13
Application_1940130892,37,8,17,1310634.606,50000,6,0.33333333333333337,0,0,36.01
Application_1942048129,39,7,17,1360151.331,6000,4,0.0,0,0,28.09
Application_1943199357,31,7,16,692242.552,50000,5,0.33333333333333337,0,0,37.96
Application_1944285638,33,6,16,782855.35,7000,5,0.75,0,0,57.69
Application_1944782361,36,6,13,4209527.211,5000,3,0.6666666666666667,0,0,53.39
Application_1945220465,35,7,18,1368390.403,10000,5,0.25,0,0,35.75
Application_1946236735,43,8,16,1284625.037,16000,9,0.4,0,0,41.46
Application_1946341989,23,4,13,2674118.583,10000,3,0.5,0,0,47.7
Application_1946680177,88,13,18,1961407.345,25000,23,0.4,0,0,39.45
Application_1947598060,35,6,17,1226900.53,25000,5,0.25,0,0,34.88
Application_1947648225,43,8,13,6978001.514,22000,9,0.5,0,0,39.82
Application_1947668470,31,7,14,1192297.806,20000,7,0.0,0,0,25.37
Application_1948430603,33,7,16,1075395.37,6000,5,0.75,0,0,56.8
Application_1950841165,32,6,16,662837.475,5000,6,0.0,0,0,28.36
Application_1952122293,52,10,18,3030969.702,18500,11,0.6,0,0,46.64
Application_1953406738,29,7,13,4806436.864,5000,4,0.33333333333333337,0,0,37.65
Application_1955133403,51,11,19,3194709.915,5000,9,0.0,0,0,23.56
Application_1955246402,35,7,16,1169306.294,20000,6,0.75,0,0,55.43
Application_1955353500,43,8,16,1441865.004,20000,9,0.4,0,0,40.79
Application_1959715736,34,7,16,766834.672,10000,6,0.5,0,0,47.51
Application_1961881671,41,6,14,1057476.226,0,11,0.5,0,0,47.33
Application_1962066192,78,13,18,3866029.388,0,20,0.125,0,0,28.38
Application_1962860870,31,4,15,611657.265,6000,5,0.33333333333333337,0,0,41.86
Application_1963292434,55,10,18,1159829.767,17500,12,0.33333333333333337,0,0,38.98
Application_196483749,30,4,12,5003337.792,10000,2,0.5,0,0,47.79
Application_1966208034,25,4,13,2728411.27,40000,4,0.5,0,0,43.24
Application_1966727878,28,4,15,1033280.847,15000,3,0.33333333333333337,0,0,43.54
Application_1973046230,43,9,16,1030268.415,20300,11,0.33333333333333337,0,0,39.12
Application_1974173610,28,5,13,953881.616,10000,3,0.6666666666666667,0,0,57.51
Application_1975387772,40,8,18,770936.867,5000,7,0.0,0,0,27.9
Application_1975617123,57,9,20,926711.472,17500,12,0.4,0,0,42.34
Application_1976912656,20,4,11,2663102.921,30000,3,0.5,0,0,46.12
Application_1977901141,49,9,18,1700391.216,30000,11,0.19999999999999996,0,0,31.48
Application_197857824,53,10,16,3501029.799,32500,11,0.625,0,0,46.08
Application_1978782813,111,12,16,3649438.739,0,30,0.3076923076923077,0,0,35.86
Application_1978903514,43,9,18,1044590.59,15000,7,0.5,0,0,46.17
Application_1979284304,53,9,16,508236.13,0,11,0.5,0,0,49.57
Application_1979402314,34,6,14,4797768.664,13250,3,0.0,0,0,25.66
Application_1979616665,29,5,13,3004924.665,7500,6,0.5,0,0,43.55
Application_1980450039,24,4,13,2916075.271,29000,4,0.0,0,0,23.92
Application_1981969728,41,10,18,1533448.109,40000,8,0.4,0,0,39.0
Application_1982597468,26,4,14,515998.367,50000,3,0.25,0,0,39.52
Application_1984100244,58,12,19,1349672.931,50000,12,0.5,0,0,42.59
Application_1989400270,28,4,13,4449283.358,10000,2,0.5,0,0,48.15
Application_1998350808,23,4,13,2816279.761,21800,3,0.5,0,0,46.6
Application_1999238509,68,11,16,2004441.522,10000,14,0.5555555555555556,0,0,46.8
Application_200000547,97,13,19,4293704.034,6000,25,0.5555555555555556,0,0,44.8
Application_2001432089,53,13,18,1597013.52,15000,13,0.19999999999999996,0,0,32.88
Application_2002564265,22,5,13,245364.1,5000,3,0.0,0,0,35.39
Application_2003843374,78,13,18,1431670.778,7250,19,0.2222222222222222,0,0,34.72
Application_2005183817,38,6,18,530921.037,0,4,0.6,0,0,55.43
Application_2006366791,74,13,17,4114768.797,17700,15,0.33333333333333337,0,0,35.11
Application_2012524282,49,9,18,673561.758,5000,8,0.1428571428571429,0,0,34.02
Application_2012588584,50,8,17,2158234.399,0,10,0.6,0,0,49.16
Application_2013806316,35,6,16,821431.274,5000,7,0.33333333333333337,0,0,41.04
Application_2014123088,22,4,13,2669178.351,15000,3,0.0,0,0,27.31
Application_2014483796,27,5,13,3758198.287,6500,3,0.5,0,0,46.95
Application_2015287405,26,5,13,4995258.621,15000,3,0.0,0,0,25.4
Application_2016133951,41,9,18,776698.298,6500,7,0.19999999999999996,0,0,35.75
Application_201625919,46,8,18,1818378.054,25000,9,0.4,0,0,39.68
Application_2026697951,40,7,17,846624.241,15000,7,0.6666666666666667,0,0,53.48
Application_2027498551,24,4,14,621071.707,0,3,0.33333333333333337,0,0,46.29
Application_2032309445,63,13,19,3954408.202,6000,13,0.5,0,0,42.83
Application_2033211562,43,9,19,1274687.772,6000,8,0.0,0,0,26.28
Application_2034439290,45,8,17,592942.015,7500,7,0.19999999999999996,0,0,36.5
Application_2034562541,31,5,16,592452.137,25000,5,0.25,0,0,37.1
Application_2035768049,28,6,14,1126621.727,15000,5,0.33333333333333337,0,0,39.27
Application_2039099639,30,5,11,3966192.87,8000,2,0.5,0,0,48.66
Application_2039499576,32,8,14,1041895.395,40000,7,0.33333333333333337,0,0,37.51
Application_2040345264,30,6,14,1199727.419,42500,5,0.75,0,0,53.55
Application_2040511284,26,5,11,2239448.748,5500,2,0.5,0,0,50.6
Application_2040532180,37,7,16,976099.887,10000,6,0.33333333333333337,0,0,40.11
Application_2049529862,56,12,18,1384825.761,10000,12,0.0,0,0,25.71
Application_2053020199,104,17,18,2298380.09,30000,24,0.4444444444444444,0,0,40.34
Application_2055987002,26,5,14,779284.114,15000,4,0.33333333333333337,0,0,42.4
Application_2056535850,18,3,11,1713553.504,40000,2,0.5,0,0,48.66
Application_2059945768,49,9,18,1447582.725,30000,9,0.4,0,0,39.98
Application_2062932311,41,8,18,861680.738,10000,7,0.19999999999999996,0,0,35.16
Application_2063036518,33,8,14,661745.522,0,8,0.0,0,0,28.76
Application_2063334713,112,19,16,2408924.554,7000,35,0.09090909090909094,1,0,27.9
Application_2064431358,25,4,13,4083941.814,6000,2,0.5,0,0,48.73
Application_2065677935,49,9,18,1759558.097,50000,10,0.6,0,0,45.78
Application_2068443797,27,5,13,4882331.434,13500,3,0.5,0,0,45.59
Application_2070389081,44,6,16,836048.517,30000,7,0.6,0,0,49.65
Application_2071622465,55,10,19,2414440.925,8000,9,0.5,0,0,44.17
Application_2072694343,61,11,20,2288977.467,16000,13,0.16666666666666663,0,0,30.36
Application_2078020265,38,9,16,752671.662,10000,6,0.6666666666666667,0,0,54.24
Application_2078253178,30,4,16,575587.264,45000,4,0.5,0,0,47.59
Application_2080474499,23,4,13,2804034.88,27500,3,0.5,0,0,46.16
Application_2081147987,36,8,16,1595924.643,20000,7,0.6666666666666667,0,0,51.14
Application_208148111,28,4,13,2806646.029,15000,2,0.0,0,0,29.16
Application_2081746160,22,3,14,247610.575,10000,2,0.33333333333333337,0,0,50.29
Application_2081911804,24,4,13,2845239.007,15000,3,0.6666666666666667,0,0,53.78
Application_2082119944,27,5,16,1099418.529,15000,3,0.33333333333333337,0,0,43.35
Application_208670900,90,16,18,2605911.363,11500,23,0.2857142857142857,0,0,35.09
Application_2086832446,42,9,18,1190150.543,14000,9,0.25,0,0,35.85
Application_2088193617,53,10,19,1879513.778,15000,7,0.19999999999999996,0,0,32.38
Application_2092350091,34,6,13,4648024.598,9000,5,0.0,0,0,22.1
Application_2097609434,44,11,14,674800.102,25000,13,0.33333333333333337,0,0,40.04
Application_2103337476,51,9,17,4025891.787,16000,10,0.16666666666666663,0,0,28.64
Application_2104180007,44,6,16,624261.063,15000,6,0.4285714285714286,0,0,44.88
Application_2104262208,26,6,13,1029237.244,11000,3,0.0,0,0,30.54
Application_2105878744,44,9,18,1842013.852,5000,8,0.4,0,0,41.24
Application_2108937169,52,9,16,1545162.794,0,11,0.5714285714285714,0,0,49.03
Application_2110144842,25,4,13,2813515.021,15000,4,0.33333333333333337,0,0,38.48
Application_2113276114,60,12,18,1698339.114,7500,15,0.16666666666666663,0,0,31.95
Application_2115613475,39,5,13,4988422.747,14250,3,0.5,0,0,45.46
Application_2116808282,34,9,14,2421041.927,15000,8,0.33333333333333337,0,0,36.94
Application_2118101879,24,4,14,529914.063,12000,3,0.33333333333333337,0,0,45.81
Application_212010049,27,5,14,838839.959,18500,4,0.6666666666666667,0,0,55.23
Application_2120232738,55,11,19,4662303.041,5000,12,0.5714285714285714,0,0,45.27
Application_2125025540,21,3,13,2728300.332,5000,2,0.5,0,0,50.04
Application_2125825569,31,6,14,666606.356,6000,6,0.6666666666666667,0,0,54.93
Application_2127502880,66,11,18,3336277.843,0,11,0.5,0,0,43.83
Application_213029581,35,6,16,699438.883,5000,6,0.75,0,0,58.19
Application_2131538680,33,7,16,745171.013,35000,6,0.33333333333333337,0,0,38.93
Application_2132446560,18,3,11,2649337.538,10000,2,0.5,0,0,49.73
Application_2134473273,22,4,11,2752189.712,25000,4,0.5,0,0,44.42
Application_2139889803,43,8,16,1656102.518,0,9,0.4,0,0,41.96
Application_2142068408,57,11,18,4295526.744,12500,12,0.5,0,0,42.06
Application_2143427516,44,8,18,591985.543,5000,8,0.4,0,0,44.7
Application_2143984717,22,5,13,3014694.79,20000,3,0.0,0,0,26.54
Application_2144860637,52,6,16,619141.421,5000,11,0.1428571428571429,0,0,34.28
Application_2146617069,33,8,13,2929961.149,23000,8,0.33333333333333337,0,0,35.72
Application_216184154,38,6,16,1395103.392,10000,6,0.75,0,0,55.69
Application_216310730,50,9,18,851808.678,6000,12,0.0,0,0,27.51
Application_217630695,49,11,17,784411.493,5000,11,0.8333333333333334,0,0,61.18
Application_220286199,24,4,14,518164.928,15000,3,0.33333333333333337,0,0,45.64
Application_220402598,23,6,11,2737554.862,18000,5,0.0,0,0,22.99
Application_220799111,39,8,16,1610614.302,25000,6,0.75,0,0,54.05
Application_22095206,60,12,17,4368826.75,15000,11,0.4,0,0,37.81
Application_223366470,37,7,16,2558652.508,5000,7,0.75,0,0,54.24
Application_224001459,44,10,16,2640803.939,15000,7,0.5,0,0,43.34
Application_224343695,50,8,16,1257612.279,10000,11,0.2857142857142857,0,0,37.43
Application_224758141,15,1,11,625.224,30000,0,1.0,0,0,97.6
Application_226472859,30,5,13,4096752.375,6000,4,0.6666666666666667,0,0,51.39
Application_232465255,29,4,14,703185.837,0,5,0.6666666666666667,0,0,55.24
Application_233600750,23,4,13,2723195.133,15000,3,0.5,0,0,47.25
Application_234080274,54,11,19,2874450.829,20000,11,0.33333333333333337,0,0,36.02
Application_236021168,21,3,13,2760582.968,30000,2,0.5,0,0,48.01
Application_236257423,22,4,13,2756935.048,10000,3,0.0,0,0,27.61
Application_237339437,36,6,18,930224.376,25000,6,0.33333333333333337,0,0,39.06
Application_238073987,22,4,11,4381334.536,7100,2,0.5,0,0,48.43
Application_239979140,26,5,13,4003253.725,5000,3,0.0,0,0,26.87
Application_240079306,77,14,18,1077576.905,6000,26,0.4,0,0,42.8
Application_241160753,29,5,15,574721.668,9500,4,0.0,0,0,30.43
Application_242156921,53,14,16,1361383.322,50000,13,0.8,0,0,54.56
Application_243155734,31,6,16,500910.714,15000,5,0.25,0,0,38.41
Application_243636886,27,6,13,3167429.182,7500,5,0.33333333333333337,0,0,36.72
Application_244579239,36,8,14,942769.127,0,8,0.75,0,0,57.68
Application_24648067,26,5,14,948752.344,15000,4,0.33333333333333337,0,0,41.8
Application_248235615,51,10,18,1180308.807,25000,11,0.6,0,0,49.0
Application_248714087,29,5,13,3697177.277,18000,3,0.0,0,0,26.08
Application_249658126,49,8,15,2772234.444,19500,13,0.6666666666666667,0,0,49.5
Application_251196305,32,7,14,1458525.122,20000,7,0.33333333333333337,0,0,38.09
Application_254692609,59,13,18,3387165.425,5000,16,0.16666666666666663,0,0,30.05
Application_256650628,48,9,18,2115278.127,10000,10,0.4,0,0,40.42
Application_257274630,31,6,17,1347170.775,50000,4,0.0,0,0,24.59
Application_259143826,46,12,18,1107732.947,15000,11,0.25,0,0,35.99
Application_259183799,26,5,13,4618762.079,5000,3,0.0,0,0,26.44
Application_260580298,52,10,18,768839.895,15000,10,0.0,0,0,27.11
Application_262728725,39,9,16,1902778.34,5000,8,0.75,0,0,55.14
Application_265534781,71,11,19,1581074.326,10000,14,0.6,0,0,49.31
Application_265587905,63,14,19,4835038.663,10250,11,0.5,0,0,41.88
Application_266262290,98,13,18,1455584.327,15000,27,0.5454545454545454,0,0,46.98
Application_268576214,24,4,14,1140618.082,10000,3,0.33333333333333337,0,0,43.64
Application_268676496,48,9,20,929926.803,5500,6,0.25,0,0,37.29
Application_275338795,35,7,16,521332.665,7500,5,0.4,0,0,44.89
Application_275430191,48,8,18,1153473.41,16000,8,0.5,0,0,45.79
Application_275531167,29,4,13,4473363.554,15000,2,0.5,0,0,47.73
Application_275597794,62,10,18,1936797.221,5000,12,0.16666666666666663,0,0,31.75
Application_277736499,25,5,13,1008669.104,10000,2,0.5,0,0,52.68
Application_279835618,37,8,15,509737.671,7500,8,0.5,0,0,48.96
Application_28217916,46,9,13,4477044.16,7500,10,0.6666666666666667,0,0,49.0
Application_282373685,23,4,11,2843231.875,14000,4,0.0,0,0,25.2
Application_282633375,62,11,20,857162.717,25000,11,0.4285714285714286,0,0,43.12
Application_283012951,46,9,18,1250446.8,25000,9,0.4,0,0,40.82
Application_283238836,44,6,16,960918.401,15000,9,0.6,0,0,50.43
Application_283388706,63,13,18,1651902.552,25000,13,0.5555555555555556,0,0,46.19
Application_285199122,16,2,11,186284.517,10000,1,0.5,0,0,59.83
Application_288955533,59,8,17,1985654.971,25000,13,0.75,0,0,53.41
Application_289811958,27,5,14,1290798.767,15000,4,0.6666666666666667,0,0,54.19
Application_29490720,42,7,16,1294599.118,25500,8,0.6,0,0,48.68
Application_295481661,29,8,13,2123843.554,5000,6,0.33333333333333337,0,0,38.14
Application_296295477,31,8,13,4477642.876,32000,7,0.33333333333333337,0,0,33.7
Application_296383634,36,7,17,3468790.219,35000,5,0.6666666666666667,0,0,47.58
Application_297421946,37,9,18,1450186.589,7000,7,0.0,0,0,25.81
Application_297491355,27,5,16,677179.005,10000,3,0.33333333333333337,0,0,45.23
Application_299646442,47,7,15,627339.981,42000,6,0.6666666666666667,0,0,52.23
Application_299986859,31,5,14,705183.165,30000,6,0.6666666666666667,0,0,52.84
Application_300912987,39,8,18,1709859.259,5000,7,0.5,0,0,45.47
Application_312676830,71,14,20,3415471.955,5000,17,0.4285714285714286,0,0,40.5
Application_314744124,64,11,16,1112339.772,30000,16,0.4285714285714286,0,0,41.92
Application_316292435,38,8,16,1872070.398,10000,8,0.5,0,0,44.79
Application_318047263,43,9,16,804596.595,0,10,0.0,0,0,28.17
Application_319587802,47,9,16,2019872.614,7000,8,0.75,0,0,54.8
Application_322142576,23,3,13,2751780.576,5000,3,0.5,0,0,48.02
Application_323012882,36,7,16,615633.225,8000,6,0.19999999999999996,0,0,36.34
Application_323048075,30,3,15,75450.516,0,2,0.8,0,0,73.39
Application_323151268,27,5,13,3601679.805,5000,3,0.5,0,0,47.2
Application_32340702,46,9,16,3074493.242,10000,8,0.6666666666666667,0,0,49.94
Application_326095881,22,4,13,2724912.906,10000,3,0.0,0,0,27.65
Application_327715289,34,7,18,952045.048,15000,5,0.25,0,0,36.45
Application_327901907,32,6,11,4535802.927,28000,7,0.5,0,0,40.65
Application_327983119,38,6,18,1361585.608,15000,5,0.33333333333333337,0,0,38.7
Application_329002079,39,9,18,602202.727,5000,7,0.4,0,0,44.65
Application_32948449,52,11,17,4299507.143,10000,11,0.5,0,0,42.25
Application_329803525,18,3,11,2639893.022,8500,2,0.5,0,0,49.86
Application_33026817,30,6,16,603784.472,5000,5,0.0,0,0,28.64
Application_335022722,33,7,13,4209445.069,5000,5,0.6666666666666667,0,0,49.39
Application_335096189,44,12,18,1289561.668,5000,10,0.25,0,0,36.33
Application_339079436,29,4,14,605964.687,10000,5,0.6666666666666667,0,0,54.9
Application_340403559,25,3,13,4964091.222,17000,2,0.5,0,0,47.26
Application_340692563,32,7,13,782973.201,15000,7,0.6666666666666667,0,0,53.72
Application_341998174,20,3,11,2646847.898,0,2,0.5,0,0,50.53
Application_343777769,37,7,16,1231899.594,15000,8,0.33333333333333337,0,0,39.0
Application_344339957,42,7,18,1274758.673,5000,7,0.4,0,0,42.36
Application_346329864,71,13,18,3693246.039,10000,17,0.625,0,0,47.72
Application_346636726,41,6,17,716375.328,15000,6,0.6,0,0,51.32
Application_347136910,39,7,18,941777.761,15000,6,0.19999999999999996,0,0,34.49
Application_347787380,42,9,15,3707063.364,26000,9,0.75,0,0,51.43
Application_347955060,46,8,18,756388.138,30000,9,0.4,0,0,41.96
Application_34891841,48,10,16,916191.255,22600,11,0.6,0,0,49.96
Application_350138725,47,10,19,2071659.937,5000,9,0.4,0,0,40.88
Application_351152063,29,6,14,1107407.401,0,6,0.0,0,0,27.19
Application_351232265,25,4,13,3673709.825,16476,2,0.5,0,0,48.22
Application_35262179,36,8,16,674957.817,6000,7,0.6666666666666667,0,0,54.89
Application_353865638,55,9,18,663270.016,10000,10,0.1428571428571429,0,0,33.67
Application_354702724,33,7,17,905820.693,5000,4,0.33333333333333337,0,0,42.74
Application_357999520,43,7,18,864529.58,15000,7,0.6,0,0,50.75
Application_360475310,53,10,18,844734.205,8000,11,0.33333333333333337,0,0,40.71
Application_362508224,31,5,14,612488.272,15000,6,0.6666666666666667,0,0,54.47
Application_365416480,23,4,13,2740373.195,15000,3,0.5,0,0,47.23
Application_367497731,34,8,16,3032097.301,15000,6,0.33333333333333337,0,0,36.25
Application_368205428,45,7,17,2362781.299,18000,6,0.33333333333333337,0,0,36.77
Application_368633868,42,6,16,1197836.288,10000,8,0.6,0,0,50.15
Application_369018038,22,4,11,2651821.815,0,4,0.5,0,0,46.53
Application_369105792,19,3,13,143770.476,5000,1,0.5,0,0,61.02
Application_371444171,101,12,18,1210709.222,18000,18,0.5833333333333333,0,0,48.81
Application_37157949,24,4,13,2711159.243,15000,4,0.0,0,0,25.26
Application_372107793,29,4,14,756972.828,15000,5,0.6666666666666667,0,0,53.82
Application_37288045,36,8,16,1695213.26,15000,7,0.6666666666666667,0,0,51.36
Application_373612346,31,6,16,1426349.103,10000,5,0.25,0,0,35.62
Application_374263140,35,7,17,756251.565,30000,5,0.25,0,0,35.96
Application_374603853,29,4,13,3876619.545,20000,2,0.5,0,0,47.77
Application_37717349,33,6,13,4199468.655,5000,2,0.5,0,0,48.73
Application_378343059,31,7,16,658942.249,5000,5,0.33333333333333337,0,0,41.71
Application_37839400,41,10,16,2604957.342,25000,9,0.0,0,0,22.58
Application_381680406,56,14,18,1095952.176,13000,14,0.4,0,0,42.18
Application_382124711,53,11,18,2404720.999,10000,12,0.5,0,0,44.03
Application_384006007,31,6,16,835840.616,12500,5,0.33333333333333337,0,0,40.38
Application_385432676,60,11,16,6991027.407,0,15,0.6666666666666667,0,0,48.24
Application_387012864,21,3,13,2732435.633,5000,2,0.5,0,0,50.04
Application_387517699,32,6,16,905693.445,20250,5,0.6666666666666667,0,0,52.85
Application_389951798,31,6,16,439009.934,5000,5,0.25,0,0,39.61
Application_393296211,33,6,16,771179.846,0,6,0.25,0,0,38.3
Application_395272936,32,6,14,837310.623,0,7,0.33333333333333337,0,0,41.38
Application_395903076,28,6,16,773859.209,16000,4,0.0,0,0,29.01
Application_396349881,36,6,18,1350693.985,15000,5,0.75,0,0,55.39
Application_399746819,44,8,17,3544059.164,15000,7,0.6,0,0,46.44
Application_400367935,21,4,13,590101.396,7500,2,0.5,0,0,54.51
Application_402039661,34,6,13,2426300.474,37000,3,0.0,0,0,25.84
Application_402170266,18,3,11,2659675.128,0,2,0.5,0,0,50.52
Application_408574797,26,4,11,3967320.547,8000,2,0.5,0,0,48.66
Application_408645375,49,9,18,909298.899,5000,9,0.33333333333333337,0,0,40.73
Application_409724822,21,3,13,2742289.275,38500,2,0.5,0,0,47.35
Application_413286327,50,11,19,3785003.553,25000,11,0.25,0,0,31.44
Application_416441220,22,4,13,2798379.928,7500,3,0.0,0,0,27.76
Application_417231992,22,3,14,287314.971,5000,2,0.33333333333333337,0,0,50.24
Application_418070482,50,11,19,4199996.747,11000,9,0.4,0,0,38.25
Application_420100939,29,4,12,3962847.806,0,2,0.5,0,0,49.3
Application_421364849,42,8,16,1263967.71,32000,10,0.6666666666666667,0,0,50.9
Application_421766070,29,6,14,1357204.144,15000,6,0.0,0,0,25.37
Application_424540764,51,9,14,1474431.002,35000,15,0.5,0,0,43.52
Application_425002643,51,9,17,797743.5,23000,11,0.4,0,0,42.35
Application_425655583,24,5,13,2741394.873,25000,4,0.0,0,0,24.43
Application_426911073,62,10,18,938981.572,5000,13,0.5,0,0,47.3
Application_42838382,33,6,13,5061733.67,29500,4,0.5,0,0,42.2
Application_428409768,45,8,19,1107636.291,15000,7,0.19999999999999996,0,0,33.99
Application_430902047,44,11,18,1898478.03,5000,9,0.0,0,0,25.15
Application_433146125,34,8,13,4185302.659,5000,7,0.0,0,0,22.74
Application_433449483,94,20,19,5942412.961,10000,29,0.4285714285714286,1,0,38.41
Application_438518989,78,13,20,1457893.383,0,18,0.2222222222222222,0,0,35.24
Application_440220247,28,5,11,3785756.203,10000,3,0.5,0,0,46.64
Application_443070493,22,4,11,4636557.126,0,2,0.5,0,0,48.82
Application_444139032,60,11,16,1101631.044,25500,14,0.4285714285714286,0,0,42.31
Application_446334558,25,4,14,2933430.368,7500,2,0.5,0,0,49.62
Application_448701611,21,3,13,2722767.935,9000,2,0.5,0,0,49.73
Application_449790608,27,5,13,4030740.348,5000,3,0.5,0,0,46.85
Application_454240699,44,10,16,627590.747,20000,8,0.5,0,0,47.32
Application_46207219,24,4,14,422426.316,15000,3,0.33333333333333337,0,0,46.27
Application_466958327,37,7,16,704532.602,25000,6,0.4,0,0,42.57
Application_46744147,29,5,13,4176635.935,8000,4,0.5,0,0,44.5
Application_470922426,38,7,14,1724583.756,40000,10,0.33333333333333337,0,0,35.97
Application_473491507,21,3,13,2818459.825,8000,2,0.5,0,0,49.7
Application_474390990,56,7,16,1184195.525,0,15,0.5,0,0,46.99
Application_477108792,25,4,13,3611341.675,18000,2,0.5,0,0,48.15
Application_477598161,46,7,16,626867.01,40000,10,0.6,0,0,49.73
Application_479102695,29,6,13,3855263.348,5000,4,0.5,0,0,44.99
Application_479369766,26,4,13,3591772.598,13000,3,0.0,0,0,26.56
Application_47949347,21,3,13,692022.491,5000,2,0.5,0,0,54.23
Application_481210204,31,6,16,323236.494,5000,5,0.33333333333333337,0,0,43.88
Application_483929208,27,5,16,838689.124,7000,3,0.33333333333333337,0,0,44.81
Application_483996302,26,5,13,3776308.879,8200,2,0.6666666666666667,0,0,55.46
Application_484278024,49,10,16,3996561.676,7000,14,0.25,0,0,32.72
Application_485131054,31,5,14,1195455.283,0,4,0.6666666666666667,0,0,55.63
Application_485970534,45,9,16,1977050.621,17000,11,0.0,0,0,24.06
Application_486645986,60,9,20,1113098.465,27000,14,0.19999999999999996,0,0,33.02
Application_489624309,33,5,17,1373946.483,10000,4,0.33333333333333337,0,0,41.07
Application_493034835,27,4,14,863345.91,9000,4,0.6666666666666667,0,0,55.9
Application_493812399,47,11,18,1244474.028,45000,10,0.19999999999999996,0,0,31.24
Application_501818365,59,10,18,3843626.241,30000,13,0.5714285714285714,0,0,43.85
Application_503552590,31,7,16,681063.68,30000,5,0.33333333333333337,0,0,39.61
Application_503966930,48,8,16,1470863.828,36000,11,0.6,0,0,47.45
Application_505474597,36,8,18,883609.168,6750,4,0.0,0,0,29.34
Application_505823301,47,13,16,2119600.679,10000,13,0.25,0,0,34.41
Application_515209816,30,6,15,1490359.346,7000,4,0.33333333333333337,0,0,41.06
Application_517892162,24,4,14,939118.594,20000,3,0.33333333333333337,0,0,43.43
Application_519973903,24,4,14,867764.924,25000,3,0.33333333333333337,0,0,43.27
Application_521278806,26,5,13,2720748.129,35000,5,0.0,0,0,21.65
Application_5240566,36,9,16,1044818.1,35000,7,0.5,0,0,44.57
Application_524429786,41,11,16,3628841.878,15000,10,0.33333333333333337,0,0,35.71
Application_524679066,48,9,18,1089657.193,37000,9,0.6666666666666667,0,0,50.95
Application_525275343,36,8,16,784395.04,43000,7,0.5,0,0,44.8
Application_526545505,35,8,16,874864.748,25000,6,0.75,0,0,55.91
Application_527253429,29,4,13,4120173.954,15000,2,0.5,0,0,47.98
Application_529938699,24,5,11,4467622.399,0,3,0.5,0,0,46.94
Application_532859959,32,7,13,4704282.767,5000,8,0.0,0,0,22.38
Application_53530491,26,5,14,838813.095,0,4,0.33333333333333337,0,0,43.37
Application_535660456,48,10,18,1527015.49,19300,10,0.4,0,0,40.67
Application_536057092,24,4,14,698546.394,15000,3,0.33333333333333337,0,0,44.73
Application_537642240,72,13,20,3147224.065,40000,14,0.5,0,0,40.81
Application_541114701,41,7,17,955946.29,0,6,0.4,0,0,43.64
Application_54116737,24,4,14,1091697.196,0,3,0.33333333333333337,0,0,44.57
Application_543915014,53,10,18,1286384.126,35000,11,0.33333333333333337,0,0,37.27
Application_54405635,22,4,11,2751570.117,6000,4,0.5,0,0,45.94
Application_546206358,27,5,16,780151.592,10000,3,0.33333333333333337,0,0,44.79
Application_547462088,26,4,13,2727483.298,20000,4,0.6666666666666667,0,0,51.51
Application_555366492,27,4,14,354958.172,42000,4,0.6666666666666667,0,0,55.97
Application_559113386,38,8,16,1115813.802,10000,9,0.0,0,0,26.37
Application_56170283,44,9,18,520788.106,24000,8,0.33333333333333337,0,0,40.91
Application_562322973,26,5,13,684918.778,25000,3,0.0,0,0,30.66
Application_565814930,44,8,18,1282615.574,6000,8,0.4,0,0,42.26
Application_567907480,31,6,16,1516302.277,25000,5,0.25,0,0,34.23
Application_570018018,47,8,18,820211.122,15000,9,0.0,0,0,26.91
Application_570295074,62,10,18,3098861.387,31704,11,0.625,0,0,46.52
Application_570561205,37,8,18,1248432.645,7500,6,0.5,0,0,46.23
Application_570833369,27,6,13,1054412.241,15000,5,0.5,0,0,46.14
Application_572814439,58,11,18,2128401.827,25000,10,0.375,0,0,38.2
Application_579410104,24,4,13,2756944.138,12500,4,0.0,0,0,25.41
Application_579706940,39,8,13,3751850.327,10000,7,0.33333333333333337,0,0,36.0
Application_581353147,49,9,16,1463848.187,0,13,0.0,0,0,26.34
Application_582897201,63,12,20,3545636.327,15000,12,0.16666666666666663,0,0,29.11
Application_584603030,41,8,16,2241721.268,23000,9,0.75,0,0,53.2
Application_584603670,63,13,18,752033.604,5000,13,0.625,0,0,52.97
Application_587387633,31,6,16,1440207.152,25000,5,0.33333333333333337,0,0,37.72
Application_58755651,38,7,17,803127.251,50000,4,0.6666666666666667,0,0,52.84
Application_587745142,39,9,18,1094711.115,25000,8,0.0,0,0,25.23
Application_588083897,31,6,13,4318303.871,25000,4,0.0,0,0,23.04
Application_589207492,32,6,13,4025991.067,10500,5,0.5,0,0,42.42
Application_589333774,23,5,13,1224451.465,30000,3,0.5,0,0,48.49
Application_592185579,35,7,16,1345350.697,5000,7,0.33333333333333337,0,0,39.53
Application_593655901,29,6,13,4958146.122,5000,4,0.33333333333333337,0,0,37.55
Application_597053023,62,9,16,609541.948,10000,14,0.625,0,0,53.21
Application_597160934,73,15,18,3978013.071,12500,22,0.5,0,0,42.29
Application_599331567,27,5,16,577199.883,15000,3,0.33333333333333337,0,0,45.31
Application_59959307,61,12,18,2489978.118,23000,16,0.6,0,0,46.88
Application_600841731,49,8,19,1016705.747,16500,8,0.6,0,0,50.13
Application_60181210,47,11,18,1271007.571,20000,10,0.16666666666666663,0,0,31.84
Application_60214514,56,14,18,2599359.593,12000,12,0.0,0,0,23.63
Application_603177521,52,13,18,1806393.746,15000,12,0.4,0,0,40.5
Application_606090913,18,3,11,2675031.885,0,2,0.5,0,0,50.5
Application_607556337,44,8,16,4485059.976,8500,5,0.6666666666666667,0,0,48.91
Application_608649898,25,4,16,351450.698,17500,2,0.33333333333333337,0,0,48.63
Application_608964116,26,5,14,1572455.597,20000,4,0.33333333333333337,0,0,39.86
Application_610614421,48,10,19,1809858.146,5000,6,0.5,0,0,45.29
Application_61478633,80,9,18,5710525.62,7500,17,0.5714285714285714,0,0,44.45
Application_619403287,34,7,18,1792214.838,15000,5,0.25,0,0,34.52
Application_620755403,33,8,13,4006803.236,5000,6,0.33333333333333337,0,0,36.2
Application_621611593,18,3,11,2654592.387,25500,2,0.5,0,0,48.49
Application_623570806,58,12,19,2991344.924,7500,12,0.6666666666666667,0,0,50.23
Application_625208621,40,8,16,871818.108,10000,8,0.19999999999999996,0,0,35.12
Application_62717154,21,3,13,2795992.136,30000,2,0.5,0,0,47.97
Application_627487146,53,6,16,521297.905,0,11,0.2857142857142857,0,0,40.92
Application_627538343,26,5,14,1181227.161,7000,4,0.33333333333333337,0,0,41.77
Application_629724157,43,11,18,3002358.57,16000,9,0.4,0,0,38.87
Application_633186442,49,7,16,596290.464,27450,8,0.5714285714285714,0,0,49.74
Application_634399947,32,7,16,512528.971,5000,5,0.5,0,0,49.14
Application_636486028,32,7,16,944478.671,15000,6,0.0,0,0,26.48
Application_637491144,18,2,11,1296846.316,7500,2,0.5,0,0,52.11
Application_638536744,27,5,14,698526.566,0,4,0.6666666666666667,0,0,57.26
Application_638926349,42,9,19,3015337.939,6500,7,0.25,0,0,33.62
Application_63970219,46,10,17,3945531.137,10000,8,0.5,0,0,42.52
Application_642567542,58,9,18,949932.331,10000,11,0.5714285714285714,0,0,49.72
Application_644820841,35,7,14,2331347.839,50000,8,0.6666666666666667,0,0,47.59
Application_645282036,30,7,16,842161.374,5000,5,0.0,0,0,27.63
Application_646585496,28,6,13,2750733.891,25000,5,0.6666666666666667,0,0,49.08
Application_652823628,40,7,18,1144676.119,20000,7,0.0,0,0,25.49
Application_655711151,39,10,16,1207273.334,12500,8,0.75,0,0,55.93
Application_65790749,27,5,13,3951788.413,10000,3,0.5,0,0,46.51
Application_65819479,86,14,19,2024366.721,5000,18,0.18181818181818177,0,0,32.23
Application_660784718,39,7,14,946653.338,35000,10,0.6666666666666667,0,0,51.54
Application_662386389,21,3,13,302808.494,6000,2,0.5,0,0,56.67
Application_663648942,31,6,13,4808900.499,15000,5,0.5,0,0,41.51
Application_664267418,21,4,13,1290287.941,10000,2,0.5,0,0,51.93
Application_664361440,22,4,13,2755984.67,36000,3,0.0,0,0,25.53
Application_665878125,24,4,11,4814801.007,18000,3,0.5,0,0,45.27
Application_669100042,51,8,16,604683.004,0,12,0.8,0,0,61.04
Application_672060895,40,7,15,782408.433,15000,8,0.6,0,0,51.05
Application_673424886,43,9,16,1131872.789,40000,11,0.25,0,0,33.93
Application_673709405,43,9,18,2635347.441,15000,9,0.5,0,0,43.35
Application_675073178,57,9,16,1294476.498,24000,13,0.2857142857142857,0,0,36.22
Application_675506291,33,7,16,1196113.948,24000,6,0.25,0,0,35.04
Application_678686961,64,11,19,2982182.872,36500,15,0.19999999999999996,0,0,29.25
Application_679053666,22,3,14,266306.784,8000,2,0.33333333333333337,0,0,50.23
Application_680031808,26,3,15,346501.28,0,2,0.33333333333333337,0,0,50.07
Application_680267904,27,5,14,274434.507,17000,4,0.6666666666666667,0,0,58.75
Application_680429795,26,5,14,276122.204,12500,4,0.33333333333333337,0,0,45.76
Application_681276588,32,8,11,2826862.367,35000,9,0.5,0,0,41.53
Application_684696906,24,4,13,4385108.879,15000,2,0.0,0,0,27.79
Application_687077392,18,3,11,2632206.353,0,2,0.5,0,0,50.55
Application_688388804,26,5,13,671269.378,7500,4,0.6666666666666667,0,0,56.79
Application_690361864,51,13,18,1295614.361,30000,13,0.4,0,0,40.31
Application_69300339,77,12,16,882468.23,0,18,0.6666666666666667,0,0,54.55
Application_693445967,53,9,16,2083124.188,0,14,0.4,0,0,41.27
Application_700146618,32,5,13,3789705.832,15000,6,0.0,0,0,22.24
Application_701717242,24,5,13,2821888.826,7500,4,0.0,0,0,25.74
Application_701872976,21,4,13,435864.335,50000,2,0.5,0,0,52.04
Application_702401717,32,5,13,4035190.931,16750,5,0.6666666666666667,0,0,48.58
Application_704665572,70,11,20,828937.773,15000,14,0.33333333333333337,0,0,40.21
Application_706900638,33,7,16,1015575.08,27000,6,0.33333333333333337,0,0,38.63
Application_7078377,29,5,16,658117.007,10000,4,0.33333333333333337,0,0,43.31
Application_709001855,31,6,15,2425931.136,20000,5,0.0,0,0,23.2
Application_709929024,36,7,17,693835.768,5000,6,0.0,0,0,28.22
Application_710744547,40,8,18,398645.082,14000,7,0.0,0,0,29.19
Application_711286002,25,4,13,3767265.533,15000,2,0.5,0,0,48.26
Application_712156236,30,6,16,1329772.596,40000,4,0.6666666666666667,0,0,52.1
Application_714015178,30,7,13,4556978.926,7500,7,0.0,0,0,22.28
Application_717431849,41,7,16,717743.616,33000,10,0.33333333333333337,0,0,39.21
Application_71758051,54,10,19,1713569.756,16500,6,0.19999999999999996,0,0,32.54
Application_718267424,43,9,18,609694.854,15000,8,0.16666666666666663,0,0,34.48
Application_722397148,56,7,19,1218717.83,14500,8,0.4,0,0,41.74
Application_723119311,24,4,13,4027581.423,9000,2,0.0,0,0,28.53
Application_724616987,47,8,16,259401.788,25000,10,0.8,0,0,61.62
Application_726777197,26,5,13,2796276.208,5000,4,0.6666666666666667,0,0,52.63
Application_727195809,25,5,13,1387309.306,5000,2,0.5,0,0,52.1
Application_74089970,17,2,10,155983.118,15000,2,1.0,0,0,77.97
Application_743887463,54,6,17,1908290.292,34900,11,0.33333333333333337,0,0,36.07
Application_744719104,28,6,16,792432.72,15000,4,0.0,0,0,29.01
Application_74505494,27,4,13,2749917.768,20000,3,0.5,0,0,46.82
Application_746805274,47,10,17,1812117.987,0,10,0.0,0,0,25.69
Application_748088065,30,7,16,2395517.515,15000,5,0.0,0,0,23.64
Application_748843249,32,6,16,653138.502,5000,5,0.5,0,0,48.4
Application_75004231,52,11,17,3116979.705,50000,12,0.0,0,0,20.04
Application_750571787,28,6,16,675987.913,8000,4,0.0,0,0,30.06
Application_751814569,26,5,11,3962111.349,5000,2,0.5,0,0,48.9
Application_754937126,29,6,14,958997.061,27000,5,0.6666666666666667,0,0,52.14
Application_758316908,30,7,16,767309.98,7500,5,0.0,0,0,27.71
Application_758356402,55,9,18,3690882.413,5000,11,0.6,0,0,47.12
Application_758985626,41,8,18,4452604.544,17000,9,0.0,0,0,21.59
Application_761959932,31,8,14,688723.624,17200,7,0.0,0,0,27.26
Application_762367111,30,6,16,1165804.9,7500,5,0.0,0,0,26.44
Application_76329309,49,10,18,1528869.735,10000,9,0.0,0,0,25.41
Application_764468920,28,5,13,2734749.367,50000,4,0.0,0,0,22.43
Application_765916186,40,10,16,1725530.11,15000,9,0.5,0,0,44.64
Application_767475240,71,10,18,2574446.521,15400,10,0.2857142857142857,0,0,34.82
Application_76792437,26,6,13,842880.827,5000,4,0.6666666666666667,0,0,56.29
Application_768179563,20,4,11,2643270.366,37000,3,0.5,0,0,45.58
Application_769217696,44,7,16,1271349.062,29000,11,0.5,0,0,44.45
Application_770159792,36,8,13,2836311.845,5000,7,0.6666666666666667,0,0,50.59
Application_774787486,33,7,16,2186858.242,10000,4,0.33333333333333337,0,0,39.65
Application_775833032,53,9,20,1146598.893,15000,8,0.4,0,0,41.89
Application_784275418,26,5,13,4619540.285,5000,3,0.0,0,0,26.44
Application_785425443,20,3,11,775275.818,20000,3,0.5,0,0,50.68
Application_788421650,31,9,11,5000842.618,0,7,0.0,0,0,22.59
Application_788960916,21,3,13,2741942.589,45000,2,0.5,0,0,46.83
Application_789526868,25,5,13,2918300.805,12500,4,0.33333333333333337,0,0,38.57
Application_789808316,48,9,18,923317.644,9000,11,0.6,0,0,51.03
Application_789888813,73,13,19,3194926.336,20000,15,0.5555555555555556,0,0,44.58
Application_792000013,42,8,16,3268858.027,32000,9,0.19999999999999996,0,0,29.33
Application_796925887,27,6,14,442387.505,25000,5,0.0,0,0,27.99
Application_798154047,60,10,16,1379976.853,10000,17,0.6,0,0,49.72
Application_798605556,23,5,13,761059.459,35000,3,0.5,0,0,49.54
Application_800564582,42,8,18,1551223.49,25000,7,0.33333333333333337,0,0,37.5
Application_801698526,38,7,16,844298.229,22000,7,0.19999999999999996,0,0,34.26
Application_802195798,37,6,13,3708258.862,10000,6,0.33333333333333337,0,0,36.04
Application_803879893,53,10,16,950214.657,10000,11,0.2857142857142857,0,0,38.29
Application_804771729,28,6,16,761932.651,5000,4,0.0,0,0,29.93
Application_804815556,32,7,17,1366544.517,10000,4,0.0,0,0,27.75
Application_805084701,24,4,14,328527.956,17500,3,0.33333333333333337,0,0,46.83
Application_805634000,51,9,17,3284966.747,5600,8,0.6,0,0,47.43
Application_807098596,35,7,14,693112.327,0,8,0.6666666666666667,0,0,55.29
Application_807916303,71,15,19,5166925.821,12000,16,0.4285714285714286,0,0,38.68
Application_813133375,55,11,19,843223.946,33800,9,0.6,0,0,49.32
Application_818693455,30,5,14,621662.367,21000,6,0.33333333333333337,0,0,40.61
Application_819930551,23,5,11,3787735.303,26500,3,0.0,0,0,25.32
Application_820671844,31,6,14,2698829.862,10000,7,0.0,0,0,23.68
Application_820867760,66,11,18,3193930.404,16000,17,0.5,0,0,42.68
Application_821425679,37,8,16,783624.875,15000,7,0.0,0,0,27.05
Application_822422484,26,5,14,858935.006,25000,4,0.33333333333333337,0,0,41.3
Application_822724921,49,8,19,621651.95,30000,8,0.6,0,0,50.55
Application_823693253,32,7,15,2481287.305,17500,6,0.0,0,0,23.33
Application_827969862,67,13,18,3089781.094,6500,11,0.5714285714285714,0,0,46.4
Application_828200680,21,3,13,2743216.489,35000,2,0.5,0,0,47.63
Application_828524494,22,4,11,3969017.174,25000,2,0.5,0,0,47.3
Application_829714042,31,6,18,499050.181,10000,4,0.0,0,0,30.82
Application_831186652,93,19,19,1576886.582,5000,21,0.19999999999999996,0,0,33.71
Application_832178933,42,9,16,2509187.924,27500,10,0.5,0,0,42.5
Application_83337214,51,9,16,1807253.841,40000,13,0.4,0,0,38.5
Application_836161395,41,8,16,2594803.132,10000,8,0.4,0,0,39.8
Application_83876660,76,13,18,3965775.574,19500,19,0.6666666666666667,0,0,48.41
Application_838952120,39,7,18,602884.827,12500,7,0.4,0,0,44.05
Application_842478362,37,7,14,768355.985,45800,9,0.6666666666666667,0,0,51.31
Application_842511489,27,6,14,770418.737,15000,5,0.0,0,0,27.1
Application_843590096,29,4,14,522391.119,10000,5,0.6666666666666667,0,0,55.35
Application_843851724,29,6,13,3762814.871,6000,4,0.5,0,0,44.98
Application_847920548,30,7,13,4285941.255,10000,5,0.0,0,0,22.26
Application_854178970,60,12,19,3963163.111,20000,10,0.0,0,0,21.7
Application_854402455,38,7,17,1056156.392,40000,6,0.6666666666666667,0,0,50.8
Application_854409161,18,3,11,2671954.035,5000,2,0.5,0,0,50.11
Application_854524772,31,5,16,1550698.384,0,5,0.25,0,0,36.17
Application_855041381,51,10,20,889459.886,5000,8,0.16666666666666663,0,0,34.13
Application_855486492,42,8,16,522894.834,10000,9,0.19999999999999996,0,0,36.68
Application_857715587,18,3,11,2649650.194,40000,2,0.5,0,0,47.33
Application_861489057,34,6,17,757336.141,5000,5,0.0,0,0,27.95
Application_862160604,26,5,11,4813216.975,20000,4,0.5,0,0,43.11
Application_862362303,20,4,11,2654167.757,17800,3,0.5,0,0,47.1
Application_863534385,24,5,13,3582727.104,7500,4,0.0,0,0,25.01
Application_864359285,74,15,18,3375024.216,10000,15,0.5,0,0,42.99
Application_864903752,45,10,18,753534.859,16000,8,0.5,0,0,47.09
Application_866541745,29,5,11,4982959.615,0,2,0.5,0,0,48.61
Application_868071697,47,10,16,847267.529,12750,12,0.75,0,0,56.99
Application_868416280,51,12,19,3756852.452,10000,11,0.4,0,0,38.67
Application_870009989,44,9,19,943745.334,5000,7,0.0,0,0,27.28
Application_872571847,66,12,18,3789511.056,15000,16,0.2857142857142857,0,0,33.67
Application_872830008,48,9,19,1296399.457,7000,9,0.19999999999999996,0,0,34.15
Application_874740404,28,5,13,327748.835,9000,4,0.5,0,0,52.19
Application_874857207,30,5,13,2801947.462,12000,7,0.0,0,0,23.4
Application_875834446,41,8,18,510714.793,5500,7,0.19999999999999996,0,0,37.11
Application_877570141,78,12,18,1074380.821,27500,18,0.4444444444444444,0,0,42.86
Application_877574126,52,10,19,2422866.074,10000,10,0.19999999999999996,0,0,32.0
Application_877723240,66,8,16,2178220.637,29000,13,0.5555555555555556,0,0,45.03
Application_879749975,27,6,13,2061273.809,7000,3,0.5,0,0,48.74
Application_88195601,56,11,18,844443.745,5000,12,0.0,0,0,27.62
Application_882030529,18,3,11,2608291.718,0,2,0.5,0,0,50.58
Application_88479581,70,12,16,4123355.703,31000,19,0.4285714285714286,0,0,37.85
Application_886515262,63,9,20,2042110.305,30000,11,0.5714285714285714,0,0,45.78
Application_888479862,40,9,18,1001027.889,14000,7,0.6666666666666667,0,0,53.05
Application_89113407,29,6,14,520194.19,40000,5,0.6666666666666667,0,0,52.96
Application_891389450,55,9,16,2226515.188,30000,12,0.2857142857142857,0,0,34.09
Application_893519087,31,5,16,593905.587,13500,5,0.25,0,0,38.01
Application_895063581,45,8,18,1252394.122,5000,9,0.16666666666666663,0,0,33.08
Application_895241174,36,8,16,873203.472,22000,5,0.33333333333333337,0,0,39.49
Application_898874076,34,6,13,4977395.109,5000,3,0.0,0,0,26.21
Application_899505410,64,14,19,4478601.425,5000,12,0.33333333333333337,0,0,35.86
Application_901692229,39,8,16,3200074.97,5000,6,0.75,0,0,53.56
Application_901793095,40,8,18,1019553.772,5000,8,0.25,0,0,37.04
Application_902019603,26,4,11,4115423.564,0,2,0.5,0,0,49.19
Application_903849587,26,5,13,4186749.765,12974,3,0.0,0,0,26.1
Application_904085822,48,9,16,931049.178,24000,12,0.16666666666666663,0,0,32.47
Application_90442094,33,8,16,1023646.248,25000,6,0.33333333333333337,0,0,38.77
Application_905902853,35,7,18,711230.211,5000,6,0.0,0,0,28.14
Application_909100209,16,2,11,88418.978,10000,1,0.5,0,0,62.1
Application_909491524,42,10,18,941263.446,15000,9,0.25,0,0,36.49
Application_909589414,30,5,13,4099312.194,10000,3,0.0,0,0,26.4
Application_909739848,36,7,16,513450.239,0,6,0.19999999999999996,0,0,37.54
Application_911291915,22,4,11,2727718.801,25000,4,0.5,0,0,44.44
Application_913859491,24,4,13,2716649.368,23000,4,0.0,0,0,24.62
Application_914660918,30,5,14,1913803.987,25000,6,0.33333333333333337,0,0,36.86
Application_915426843,21,3,13,2735376.274,15000,2,0.5,0,0,49.23
Application_918578724,60,9,17,700484.199,21000,13,0.1428571428571429,0,0,32.62
Application_918770224,71,12,19,3783074.431,10000,12,0.4285714285714286,0,0,39.79
Application_919767326,53,9,16,2761880.806,0,11,0.2857142857142857,0,0,35.83
Application_920048730,25,6,11,2738112.463,40000,4,0.0,0,0,23.23
Application_920229339,50,10,18,2948869.956,28000,10,0.8,0,0,53.97
Application_920497952,28,5,13,2799322.46,50000,4,0.0,0,0,22.36
Application_92091920,45,7,17,1120878.721,0,9,0.19999999999999996,0,0,35.16
Application_922548545,24,3,13,2795744.78,28000,4,0.0,0,0,24.13
Application_923808413,36,7,16,718538.796,20000,6,0.19999999999999996,0,0,34.91
Application_923963777,28,6,16,914230.058,5000,4,0.0,0,0,29.38
Application_927205634,40,5,16,2415917.572,0,8,1.0,0,0,64.81
Application_929235447,36,6,13,4963074.057,5000,3,0.6666666666666667,0,0,52.88
Application_930742634,43,10,19,2759322.85,10000,8,0.0,0,0,23.61
Application_931862671,31,5,13,2624572.16,6000,3,0.5,0,0,48.08
Application_93597308,60,11,18,1598546.112,50000,15,0.16666666666666663,0,0,28.74
Application_936809026,66,13,19,3327200.156,6000,15,0.4285714285714286,0,0,40.5
Application_93779745,19,5,10,571750.126,12500,3,0.5,0,0,52.21
Application_93924041,21,3,13,2716152.864,17000,2,0.5,0,0,49.1
Application_94412737,30,6,11,1722786.542,6000,2,0.5,0,0,51.36
Application_944177310,24,3,13,2741318.01,10000,2,0.5,0,0,49.63
Application_945420689,25,4,13,2691845.861,40000,4,0.5,0,0,43.28
Application_947660940,38,6,17,1968657.364,6000,5,0.33333333333333337,0,0,38.29
Application_947906225,36,7,16,703397.393,50000,7,0.6666666666666667,0,0,51.24
Application_948316229,76,13,19,4549805.479,30000,18,0.5714285714285714,0,0,43.34
Application_948906324,27,5,16,669842.23,5000,3,0.33333333333333337,0,0,45.66
Application_950298399,62,12,16,1629742.114,0,15,0.4285714285714286,0,0,43.16
Application_952532843,35,6,13,4833252.092,9000,7,0.5,0,0,41.98
Application_952744464,29,5,14,2148192.445,0,5,0.6666666666666667,0,0,51.84
Application_953097922,26,5,14,686737.301,20000,4,0.33333333333333337,0,0,42.38
Application_953335632,20,3,13,2641888.195,5000,2,0.0,0,0,30.14
Application_953392572,36,8,16,2123951.217,35000,7,0.6666666666666667,0,0,49.07
Application_954522576,47,11,18,772437.792,5000,10,0.19999999999999996,0,0,35.89
Application_958076943,26,6,13,3252288.142,40000,5,0.0,0,0,20.71
Application_95863982,27,6,11,2754467.222,0,7,0.0,0,0,24.41
Application_96006350,45,8,16,1481251.894,0,9,0.8,0,0,58.31
Application_961505598,31,5,17,751362.354,10000,3,0.33333333333333337,0,0,44.91
Application_967923535,25,5,13,2706363.238,5000,4,0.33333333333333337,0,0,39.4
Application_969058358,67,10,18,1906837.348,25000,16,0.4285714285714286,0,0,40.68
Application_970143308,52,9,16,1303172.612,12500,11,0.1428571428571429,0,0,31.41
Application_971306755,18,3,11,2655444.144,0,2,0.5,0,0,50.52
Application_972938507,40,8,17,2044958.378,35786,7,0.6666666666666667,0,0,49.13
Application_974860050,28,5,15,1140898.575,0,3,0.33333333333333337,0,0,44.43
Application_978461598,22,3,13,2754409.689,13000,3,0.0,0,0,27.37
Application_978797398,20,4,11,2654006.317,20000,3,0.5,0,0,46.93
Application_980495316,51,12,16,2330221.835,42000,13,0.4,0,0,37.56
Application_983392205,97,19,19,11706149.3,21500,29,0.4285714285714286,0,0,35.42
Application_984488973,29,6,13,2739099.459,8000,6,0.5,0,0,43.79
Application_985915578,35,8,18,2038573.255,15000,6,0.0,0,0,24.13
Application_987213908,52,11,18,1432184.384,15000,13,0.6,0,0,49.21
Application_987262285,36,7,16,772385.211,6000,7,0.5,0,0,47.81
Application_989064530,45,8,18,1781138.59,12500,8,0.6,0,0,48.74
Application_994471234,28,6,14,611466.348,0,5,0.33333333333333337,0,0,42.34
Application_99637081,55,9,19,906656.087,30000,10,0.33333333333333337,0,0,38.74
Application_996408810,39,9,16,2503991.583,10000,8,0.75,0,0,53.9
